world_name	gc_name	gc_level	gc_exp	ranking	guild_name	grade	class_name
戴摩爾克04	君子不器	84	195425592230909	1	春風如酒	20	執行官
戴摩爾克04	微微	83	140143239568626	2		19	咒文刻印使
戴摩爾克04	財神小米粥	83	132941699884713	3		19	咒文刻印使
戴摩爾克04	我為逝者哀哭	82	90685043211249	4		18	太陽監視者
戴摩爾克04	桌子下有人	82	81178548441545	5	春滿盛	18	執行官
戴摩爾克04	曬個月亮	82	77910747998374	6	凌霄軍隊	18	執行官
戴摩爾克04	焗烤馬鈴薯	82	77291998974567	7	送頭	17	太陽監視者
戴摩爾克04	小喵	82	74626632295482	8	jfgbtu	18	執行官
戴摩爾克04	大藍貓	81	58875720679250	9	小藍貓	16	咒文刻印使
戴摩爾克04	皇家禮炮	81	56661842071182	10	春滿盛	17	太陽監視者
戴摩爾克04	富林太空站	81	54636248020049	11		18	太陽監視者
戴摩爾克04	三天三夜	81	51070044520670	12		17	太陽監視者
戴摩爾克04	依然	81	48359788337109	13	春風如酒	16	咒文刻印使
戴摩爾克04	ddstt	81	47312459807494	14	ddsd	16	咒文刻印使
戴摩爾克04	許光漢	80	42218093395103	15		18	執行官
戴摩爾克04	白鷺鷥	80	40833011746126	16		17	執行官
戴摩爾克04	守護者八加九	80	39084550350838	17	小藍貓	17	執行官
戴摩爾克04	太多太多的抱歉	80	35538667205038	18	春滿盛	16	香射手
戴摩爾克04	話題	80	35464953794423	19	春滿盛	16	香射手
戴摩爾克04	我知道	80	35460102564388	20	春滿盛	16	香射手
戴摩爾克04	愛不在	80	35348957904103	21	春滿盛	16	香射手
戴摩爾克04	告白氣球	80	35185619368175	22	春滿盛	16	香射手
戴摩爾克04	心如止水	80	35159577373372	23	春滿盛	16	香射手
戴摩爾克04	我沒對她說	80	35003340855683	24	春滿盛	16	香射手
戴摩爾克04	信徒	80	34777560560326	25	春滿盛	16	香射手
戴摩爾克04	CROSS	80	32973222262452	26	春滿盛	17	深淵放逐者
戴摩爾克04	芷怡	80	32740852593676	27	jfgbtu	16	執行官
戴摩爾克04	阿瑞斯	80	30842958125894	28	春風如酒	17	香射手
戴摩爾克04	白輕雪	80	29303158715549	29		16	太陽監視者
戴摩爾克04	子兮子兮	80	28728950277705	30	凌霄軍隊11	16	執行官
戴摩爾克04	娘娘	80	28422387783375	31	jfgbtu	15	幻影劍士
戴摩爾克04	哎呦喂呀	79	26871947028088	32	春風如酒	16	太陽監視者
戴摩爾克04	涼玖OuO	79	26071398164041	33		16	咒文刻印使
戴摩爾克04	酒酒	79	25852162451862	34	酒酒	17	執行官
戴摩爾克04	老蕭	79	25716465683479	35		17	咒文刻印使
戴摩爾克04	又見一夜襲	79	25379245826119	36		16	香射手
戴摩爾克04	哈德利	79	23990356131611	37		16	太陽監視者
戴摩爾克04	韭嫵弍栖	79	23630820149070	38	春滿盛	16	幻影劍士
戴摩爾克04	熊本真希	79	22901659192385	39		15	太陽監視者
戴摩爾克04	肥美老雞包	79	21716971657536	40	遙遠的夢想	16	幻影劍士
戴摩爾克04	海棠	79	21027947044843	41	春滿盛	16	太陽監視者
戴摩爾克04	特務J	79	19804021828794	42		15	幻影劍士
戴摩爾克04	我獨自尻噏	79	19791603999187	43		15	太陽監視者
戴摩爾克04	管妳媽媽嫁給誰	79	19089163255033	44		17	野蠻鬥士
戴摩爾克04	少女	79	18330143964175	45	jfgbtu	15	幻影劍士
戴摩爾克04	晴時多雲	79	18088278739734	46	小藍貓	15	咒文刻印使
戴摩爾克04	守護者加九妹	78	17917448134945	47	小藍貓	16	咒文刻印使
戴摩爾克04	金色	78	16259744888021	48		16	幻影劍士
戴摩爾克04	風向鈴蘭	78	16020405045397	49	醉楓染	16	香射手
戴摩爾克04	艾涅爾	78	15932224856301	50		15	執行官
戴摩爾克04	守護者阿志	78	15795983880798	51	小藍貓	16	香射手
戴摩爾克04	瞬光鈴芽	78	15482658887913	52		16	咒文刻印使
戴摩爾克04	特洛伊	78	14393708164346	53		16	太陽監視者
戴摩爾克04	hjftyhdf	78	13657089478636	54	jfgbtu	15	幻影劍士
戴摩爾克04	hfhbip	78	13578411301208	55	jfgbtu	15	幻影劍士
戴摩爾克04	豬神未食飽	78	13062927948611	56	龍虎豹出版社	17	執行官
戴摩爾克04	jghjyftgu	78	12597634595297	57	jfgbtu	14	香射手
戴摩爾克04	土匪大王	77	11888760299469	58		14	執行官
戴摩爾克04	ghdthyty	77	11564964126704	59	jfgbtu	13	幻影劍士
戴摩爾克04	羅傑房裡的女人蔡英文	77	11242478259898	60		14	太陽監視者
戴摩爾克04	映像電話蟲	77	10906148563761	61		13	香射手
戴摩爾克04	榮耀執行官	77	9863853085663	62	休閑	14	執行官
戴摩爾克04	羅天大教	77	9660082025281	63	春滿盛	15	執行官
戴摩爾克04	幕後黑手	77	9394304990429	64	幕後黑手	15	咒文刻印使
戴摩爾克04	kjrh	77	8763591888411	65	jfgbtu	14	咒文刻印使
戴摩爾克04	Dayb	77	8710017285714	66		15	咒文刻印使
戴摩爾克04	嘰嘰嘰嘰嘰嘰嘰	77	8625970030603	67	urgf	13	太陽監視者
戴摩爾克04	黑色	77	8563655146250	68		14	太陽監視者
戴摩爾克04	jfgggg	77	8290599267378	69	jfgbtu	12	執行官
戴摩爾克04	春滿盛	76	8173028534641	70	春滿盛	14	香射手
戴摩爾克04	東踏取	76	8081203647348	71		15	執行官
戴摩爾克04	孤娥	76	8008311480258	72		15	咒文刻印使
戴摩爾克04	二哈	76	7861526950768	73	小藍貓	12	執行官
戴摩爾克04	星象儀	76	7631190389893	74	酒酒	15	咒文刻印使
戴摩爾克04	大摳呆	76	7552404078028	75	1722	12	太陽監視者
戴摩爾克04	銀星玥	76	6899589802366	76	温野菜	14	執行官
戴摩爾克04	菲傭	76	6744665769115	77	春滿盛	1	深淵放逐者
戴摩爾克04	沒電的艾尼路	76	6500452005260	78		13	咒文刻印使
戴摩爾克04	懈怠TUG	76	6304400275143	79	ADAD	14	執行官
戴摩爾克04	jgyugg	76	6112479603614	80	jfgbtu	11	咒文刻印使
戴摩爾克04	茉莉兒	76	5905949543899	81		15	咒文刻印使
戴摩爾克04	白石麻衣	75	5662977070872	82	龍虎豹出版社	13	幻影劍士
戴摩爾克04	MrMr	75	5653499003977	83	休閑	14	咒文刻印使
戴摩爾克04	陌生的旅途	75	5644470884986	84	休閑	14	咒文刻印使
戴摩爾克04	長髮飄飄	75	5533988807102	85	休閑	14	咒文刻印使
戴摩爾克04	大輝哥	75	5470675503325	86	春滿盛	13	太陽監視者
戴摩爾克04	艾艾莎	75	5341817324877	87	小藍貓	10	咒文刻印使
戴摩爾克04	速懶趴	75	5128376145642	88		13	香射手
戴摩爾克04	美方	75	4920272757508	89	休閑	13	咒文刻印使
戴摩爾克04	AQUAMARINE	75	4851162635163	90	ADAD	13	幻影劍士
戴摩爾克04	jggydyu	75	4842973898807	91	jfgbtu	11	深淵放逐者
戴摩爾克04	湯湯水水	75	4802001959830	92	休閑	13	咒文刻印使
戴摩爾克04	一起再看流星雨	75	4784765631682	93	ADAD	14	太陽監視者
戴摩爾克04	Aiueoaiueo	75	4780421479259	94		15	咒文刻印使
戴摩爾克04	kitty	75	4746834988461	95	休閑	13	執行官
戴摩爾克04	愛麗絲	75	4724450537765	96	愛麗絲	13	太陽監視者
戴摩爾克04	鑫爺	75	4702450590246	97	酒酒	12	咒文刻印使
戴摩爾克04	刀刀見血	75	4617918256041	98	春滿盛	10	幻影劍士
戴摩爾克04	雜貨店老闆	75	4492237854027	99	波拉雜貨店	14	太陽監視者
戴摩爾克04	hfturrf	75	4468446845346	100	jfgbtu	10	咒文刻印使
萊涅01	Divergent	91	5419945082423696	1	神鬼	25	野蠻鬥士
萊涅01	蒼龍爆刃	91	5013868012419890	2	神鬼	25	野蠻鬥士
萊涅01	一謙謙一	91	4683218060994740	3	神鬼	25	咒文刻印使
萊涅01	黃金神杖	91	4426608424095244	4	神鬼	24	野蠻鬥士
萊涅01	䨻靐Myth	90	3337041181690970	5	神鬼	25	咒文刻印使
萊涅01	星雨乾坤	90	3005835482332770	6	神鬼	25	太陽監視者
萊涅01	吃燒烤睡覺起來贏五百	90	2770258277168522	7	神鬼	25	野蠻鬥士
萊涅01	歐北賽	90	2552224277150892	8	神鬼	24	執行官
萊涅01	爹爹a	90	2529559702924996	9	神鬼	24	香射手
萊涅01	搶錢搶糧搶女人	89	1508030265932705	10	神鬼	23	太陽監視者
萊涅01	芊奈貓	88	1375876841838957	11	神鬼	24	咒文刻印使
萊涅01	卡拉豬排堡	88	1331130455868368	12	神鬼	23	咒文刻印使
萊涅01	AY	88	1172660555109807	13	神鬼	22	香射手
萊涅01	大雄與技安	88	1143146832574900	14	神鬼	23	幻影劍士
萊涅01	花雨煙雲	88	1105248282620940	15	神鬼	24	執行官
萊涅01	瑪莉安o	87	924230545284242	16	神鬼	24	幻影劍士
萊涅01	馬克白蘭地	87	863996517653430	17	神鬼	22	咒文刻印使
萊涅01	高雄漁屋熱炒師傅	87	807397435094480	18	喵嗚	22	太陽監視者
萊涅01	單手拆彈專家	87	784245586895543	19	神鬼	22	執行官
萊涅01	影遁	87	783456705351287	20	喵嗚	21	太陽監視者
萊涅01	紅豆	87	767164707431408	21	神鬼	22	咒文刻印使
萊涅01	謙謙的金神杖	87	741224988637633	22		21	咒文刻印使
萊涅01	小黃貓	87	716471916801623	23	神鬼	22	野蠻鬥士
萊涅01	心妤	87	714837135677065	24	喵嗚	21	野蠻鬥士
萊涅01	墨雨飛塵	87	683091538031050	25	神鬼	23	太陽監視者
萊涅01	草子	87	666927682009591	26	神鬼	22	野蠻鬥士
萊涅01	小小短腿	87	635210477080455	27	神鬼	22	咒文刻印使
萊涅01	狸貓	86	596876693725999	28	喵嗚	22	幻影劍士
萊涅01	武當張三丰	86	595629441193438	29	長安	22	野蠻鬥士
萊涅01	布青	86	566059362326979	30	喵嗚	21	咒文刻印使
萊涅01	做匪有你	86	505791960075178	31	神鬼	22	執行官
萊涅01	小小花花	86	485617150063696	32	神鬼	21	幻影劍士
萊涅01	卍仔小饅頭	86	476118734703063	33	神鬼	21	香射手
萊涅01	一人帶四豬打五狗	86	466778254502321	34	喵嗚	22	野蠻鬥士
萊涅01	八風吹不動	86	443331032432070	35	神鬼	22	咒文刻印使
萊涅01	窩窩窩爸	86	440504540768830	36	神鬼	22	香射手
萊涅01	臭狗	86	431290647623943	37	神鬼	23	野蠻鬥士
萊涅01	冬雨降臨	85	382720465045632	38	神鬼	22	深淵放逐者
萊涅01	阿薩布露	85	373411429526562	39	喵嗚	21	執行官
萊涅01	言冰雲	85	371520191470116	40		20	太陽監視者
萊涅01	衣玖	85	354802685131846	41	神鬼	20	深淵放逐者
萊涅01	紫微聖人	85	347426420410750	42	神鬼	21	執行官
萊涅01	五阿哥	85	344517873581538	43	鬼哭	21	執行官
萊涅01	新莊彭于晏	85	339535194770500	44	喵嗚	21	執行官
萊涅01	墨天衍	85	337777524797756	45	喵嗚	21	太陽監視者
萊涅01	費卡洛	85	330372093048517	46	喵嗚	21	咒文刻印使
萊涅01	晴晴o	85	328044012598073	47	神鬼	20	咒文刻印使
萊涅01	ev	85	325534710358094	48	神鬼	21	咒文刻印使
萊涅01	風月	85	319897570649287	49	神鬼	22	執行官
萊涅01	淡然i	85	315514752635521	50	喵嗚	21	香射手
萊涅01	伐伐伐伐伐木工	85	306431014889570	51	神鬼	22	執行官
萊涅01	我不是保廷你認錯人了	85	302131891338376	52	喵嗚	21	太陽監視者
萊涅01	東邪娃娃	85	291684404468491	53	痴卡娃	21	香射手
萊涅01	藥藥	85	281127381739253	54	鬼哭	21	香射手
萊涅01	威斯蘭	85	268786295568976	55	神鬼	21	執行官
萊涅01	什麼什麼	85	267254535416695	56	神鬼	21	咒文刻印使
萊涅01	織命	85	256081240722334	57	神鬼	21	太陽監視者
萊涅01	呦稚貓	85	254046964477013	58	喵嗚	20	太陽監視者
萊涅01	一我本天真一	85	253936629411082	59		21	咒文刻印使
萊涅01	鋼鐵戰刃	85	251812126781994	60	喵嗚	20	野蠻鬥士
萊涅01	艸日月光	84	212944435034232	61	神鬼	21	咒文刻印使
萊涅01	aaaka	84	210739323947934	62	神鬼	21	香射手
萊涅01	哈氣貓	84	203407545921162	63		20	咒文刻印使
萊涅01	葡萄好好吃	84	199647712616889	64	神鬼	20	野蠻鬥士
萊涅01	敲木魚讀聖經	84	190566729134459	65	神鬼	21	咒文刻印使
萊涅01	炒飯娃娃	84	190539851874386	66	喵嗚	20	香射手
萊涅01	花醉四千客	84	190456540907185	67	凌霄閣	20	太陽監視者
萊涅01	一切都是浮雲	84	188686005492214	68	喵嗚	21	野蠻鬥士
萊涅01	一細頸瓶一	84	183255399147587	69	櫻花戰亂	18	幻影劍士
萊涅01	i服了u	84	178981108251200	70	喵嗚	19	太陽監視者
萊涅01	舞淺	84	169826896940576	71	喵嗚	20	香射手
萊涅01	卡樂喵	84	168697339565042	72		20	香射手
萊涅01	無法顯示ID	83	146872349550995	73		19	幻影劍士
萊涅01	輕舞薇薇	83	137052830123150	74		19	咒文刻印使
萊涅01	深夜浪漫	83	136782692809778	75	喵嗚	19	野蠻鬥士
萊涅01	YOASOBI	83	128019802645352	76	神鬼	19	咒文刻印使
萊涅01	柳如煙	83	121844682499785	77	鬼哭	19	執行官
萊涅01	紐売福	83	120692322874334	78	鬼哭	20	咒文刻印使
萊涅01	如匪九一	83	119344258269325	79	神鬼	20	咒文刻印使
萊涅01	和牛o	83	117289157573496	80	喵嗚	20	執行官
萊涅01	猁你妹	83	115705876115699	81		20	深淵放逐者
萊涅01	瀧澤秀明	83	112879804185307	82	喵嗚	19	香射手
萊涅01	霧裡尋花	82	97606732248783	83	喵嗚	19	執行官
萊涅01	暖兮	82	95246743991464	84	神鬼	20	咒文刻印使
萊涅01	齁哩蟹	82	94124823385369	85	神鬼	20	咒文刻印使
萊涅01	幽白	82	91167664342607	86	喵嗚	18	咒文刻印使
萊涅01	琥珀兒	82	91043536649976	87	LFJ	17	香射手
萊涅01	雲卷雲舒	82	90354991420558	88	神鬼	20	咒文刻印使
萊涅01	小比寶寶	82	90149210435655	89		20	幻影劍士
萊涅01	落葉知秋	82	89909495674882	90	喵嗚	18	咒文刻印使
萊涅01	新莊彭于晏弓	82	86646868848267	91	喵嗚	19	香射手
萊涅01	烏摩勒伽	82	73833857235508	92		17	香射手
萊涅01	一個小時	82	73300416176817	93	半個小時	18	咒文刻印使
萊涅01	教主啊	82	71970027685764	94	喵嗚	20	執行官
萊涅01	威爾喵	82	71847960857871	95	喵嗚	20	太陽監視者
萊涅01	畫彩籬	82	71547311293107	96	喵嗚	18	深淵放逐者
萊涅01	Mystery	82	70017109422734	97	鬼哭	19	香射手
萊涅01	溫斯頓R	82	69691664293015	98	鬼哭	17	太陽監視者
萊涅01	嗨翻全場	82	67057292693348	99	神鬼	19	咒文刻印使
萊涅01	白星	81	63283376129697	100	喵嗚	17	太陽監視者
萊涅03	背影依舊那麽帥	88	964696298095879	1	小不点	23	執行官
萊涅03	菜瓜布一瑋	87	783795086516360	2		21	幻影劍士
萊涅03	討厭黑眼圈	86	533476563817727	3	前邊的陌生人	21	執行官
萊涅03	撫摸她的臉	86	501269467007751	4	小不点	23	咒文刻印使
萊涅03	勒了個豆	86	488721316356983	5	小不点	21	幻影劍士
萊涅03	小D	86	445692076797424	6	星月天空	22	幻影劍士
萊涅03	挖尷尬黏TTA	86	421029843756623	7	星月天空	21	野蠻鬥士
萊涅03	麻糬貓	85	358760741613344	8	星月天空	20	咒文刻印使
萊涅03	波特卡斯D艾斯	85	295046762143831	9	雪山醬板鴨	19	咒文刻印使
萊涅03	水箭龜	85	272844475456668	10	星月天空	20	咒文刻印使
萊涅03	酷味很濃	84	236745020179305	11	小不点	19	執行官
萊涅03	喜歡扶奶奶過馬路	84	228053206436391	12	小不点	19	咒文刻印使
萊涅03	法號迪王	84	222292437078039	13	小不点	20	幻影劍士
萊涅03	一次三千潮吹十次	84	217027083380570	14		20	幻影劍士
萊涅03	波斯牛軋糖	84	208787003454539	15		21	太陽監視者
萊涅03	盡情享受	84	202716797882190	16	前邊的陌生人	19	執行官
萊涅03	法號海棠	84	202329214066483	17	小不点	19	執行官
萊涅03	搜嘎嵐	84	195330888257498	18	不正常人類研究中心	20	咒文刻印使
萊涅03	偷偷	84	185161512255595	19	星月天空	18	咒文刻印使
萊涅03	法號歡喜	84	176778807251364	20	小不点	19	執行官
萊涅03	金絨芋泥鮮奶	84	171130610002659	21	星月天空	21	咒文刻印使
萊涅03	淡淡的憂傷	84	169717547889291	22	祝你天天快樂	20	深淵放逐者
萊涅03	澀谷咩咩	84	169653954821075	23	星月天空	19	太陽監視者
萊涅03	歐陽鋒	84	165120619459130	24	祝你天天快樂	19	幻影劍士
萊涅03	Gazi	84	163271578792319	25		20	咒文刻印使
萊涅03	煮爛的白飯	84	161266344914384	26	清幽棧	20	香射手
萊涅03	熬夜冠軍	83	147347578050602	27	小不点	19	幻影劍士
萊涅03	布丁酪梨牛奶	83	136900338779422	28	星月天空	19	咒文刻印使
萊涅03	奧薩瑪	83	136371829421769	29	星月天空	21	執行官
萊涅03	法號萊萊	83	136347894417006	30	小不点	19	太陽監視者
萊涅03	大甲芋頭蛋糕	83	113277101350027	31	星月天空	19	咒文刻印使
萊涅03	嗚啦啦	83	112529697335271	32	星月天空	18	咒文刻印使
萊涅03	梅子可樂	83	105376146550223	33	前邊的陌生人	17	咒文刻印使
萊涅03	布里西	83	105220025123023	34	星月天空	19	香射手
萊涅03	咋咋呼呼	83	102021921472361	35	前邊的陌生人	17	深淵放逐者
萊涅03	變色龍	82	99948709402081	36	星月天空	18	深淵放逐者
萊涅03	桂花烏梅汁	82	98790990737431	37	星月天空	19	咒文刻印使
萊涅03	炙天芸	82	90261891396427	38	星月天空	17	咒文刻印使
萊涅03	IIVII	82	90078136512149	39	星月天空	18	幻影劍士
萊涅03	被窩探險家	82	89274898131791	40	星月天空	18	幻影劍士
萊涅03	人生路很常	82	88944840334994	41	小不点	18	執行官
萊涅03	放下執念	82	85075656499963	42	前邊的陌生人	17	幻影劍士
萊涅03	悠輝	82	83627510035168	43	星月天空	19	香射手
萊涅03	學會記憶	82	82445654943069	44	前邊的陌生人	17	香射手
萊涅03	呆虎	82	79998307378764	45	小不点	18	執行官
萊涅03	高希櫻娜	82	78746958130742	46		18	香射手
萊涅03	天之痕	82	77961642088090	47	往事隨風	19	香射手
萊涅03	地無雙	82	73936787542826	48	往事隨風	19	香射手
萊涅03	含含	82	72229462717666	49	星月天空	19	咒文刻印使
萊涅03	敘古戀無憶	82	72038988687114	50	星月天空	19	咒文刻印使
萊涅03	新世界歐皇	82	71013634962832	51	小不点	19	幻影劍士
萊涅03	采九朵蓮	82	68183905895051	52	小不点	19	咒文刻印使
萊涅03	往事隨風	82	65900062289808	53	往事隨風	19	香射手
萊涅03	Angel	81	64926652403805	54	星月天空	19	咒文刻印使
萊涅03	行動	81	64569495510143	55	往事隨風	19	香射手
萊涅03	香蕉你個芭樂	81	63771801138522	56	不正常人類研究中心	18	咒文刻印使
萊涅03	精葉填海	81	63375011761520	57	小不点	16	咒文刻印使
萊涅03	安之若命	81	63046897394696	58	星月天空	19	咒文刻印使
萊涅03	信念	81	62965721303093	59	往事隨風	19	香射手
萊涅03	懷舊	81	62870916355584	60	往事隨風	19	香射手
萊涅03	世懷	81	62555165169804	61	往事隨風	19	香射手
萊涅03	李鐵柱	81	61882937610957	62	往事隨風	19	咒文刻印使
萊涅03	暴雪	81	61372931567897	63	往事隨風	19	香射手
萊涅03	吸吸	81	59902618509215	64	星月天空	19	咒文刻印使
萊涅03	愛我別說話	81	59426463803531	65	小不点	17	太陽監視者
萊涅03	耶穌入珠用佛豬	81	55268775823956	66	星月天空	18	咒文刻印使
萊涅03	Rafayel	81	51949906554342	67		18	幻影劍士
萊涅03	汐汐	81	51374538546099	68	風中	18	太陽監視者
萊涅03	蓋亞奧特曼	81	48642008413469	69	前邊的陌生人	16	幻影劍士
萊涅03	喵小姐	81	47351238690544	70	前邊的陌生人	15	太陽監視者
萊涅03	煙燻鮭魚軟法	81	45815214035954	71	性感狐狸號	19	野蠻鬥士
萊涅03	醉千殤	80	42173070759884	72	前邊的陌生人	16	幻影劍士
萊涅03	彡梓梓彡	80	40996954682651	73		16	幻影劍士
萊涅03	鑫森淼焱垚	80	40449714350229	74		17	幻影劍士
萊涅03	不惑	80	40194728056680	75	清幽棧	15	執行官
萊涅03	月野兔	80	39669067483265	76	前邊的陌生人	15	太陽監視者
萊涅03	四川芬達	80	38901018841538	77	海枯石爛	17	深淵放逐者
萊涅03	清風入懷	80	38701922827204	78	星月天空	17	香射手
萊涅03	一尾活龍一	80	36949313722725	79	星月天空	17	深淵放逐者
萊涅03	沒補你是因為你太醜	80	36860083520263	80	星月天空	17	咒文刻印使
萊涅03	啊斗	80	36724874228446	81	小不点	16	咒文刻印使
萊涅03	小吸吸	80	36233859302403	82	星月天空	20	執行官
萊涅03	UVU	80	35161824872512	83	星月天空	15	咒文刻印使
萊涅03	小舔舔	80	34758960213517	84	星月天空	18	幻影劍士
萊涅03	謝不肉	80	34627253438435	85	往事隨風	16	咒文刻印使
萊涅03	歐布奧特曼	80	33924644096926	86	前邊的陌生人	15	幻影劍士
萊涅03	Sun樂	80	33732324722095	87		19	太陽監視者
萊涅03	請勿拍打可餵食	80	33455854372895	88	不正常人類研究中心	17	太陽監視者
萊涅03	貝狗乾	80	31714292262594	89	星月天空	18	執行官
萊涅03	殘風葬	80	31535190230907	90	前邊的陌生人	15	幻影劍士
萊涅03	挪威的曲奇x那那星	80	30760212253206	91		17	執行官
萊涅03	百戰百敗逃跑第一	80	30708096342480	92	我殺豬養你們	18	咒文刻印使
萊涅03	天月時	80	30538293992548	93		15	咒文刻印使
萊涅03	七七	80	29347820216653	94		15	咒文刻印使
萊涅03	浮生百態	80	27990870369963	95	前邊的陌生人	15	咒文刻印使
萊涅03	OOrMe	79	27246175513688	96	星月天空	16	幻影劍士
萊涅03	紅豆鯊	79	26647210553978	97	星月天空	16	香射手
萊涅03	惋長情	79	26620818262990	98	前邊的陌生人	16	香射手
萊涅03	無法無天	79	26593702197857	99	雪山醬板鴨	15	咒文刻印使
萊涅03	人工智能妹子	79	26508631347413	100	星月天空	17	深淵放逐者
萊涅04	池昌旭	92	6030882522629386	1	彼岸	25	咒文刻印使
萊涅04	一少洋一	91	5555667199295159	2	子彈生鮮超市	25	咒文刻印使
萊涅04	卍虎爺卍	91	4969345231330207	3	子彈生鮮超市	25	野蠻鬥士
萊涅04	信繁	91	4852646192221875	4	彼岸	25	野蠻鬥士
萊涅04	韭愛一剪梅	91	4820916243096934	5	子彈生鮮超市	24	野蠻鬥士
萊涅04	俺是now種	91	4163579571393912	6	子彈生鮮超市	25	太陽監視者
萊涅04	三百壯士	91	4013297442677210	7	子彈生鮮超市	24	野蠻鬥士
萊涅04	媽祖進香瓜	91	3864397099307407	8	子彈生鮮超市	25	香射手
萊涅04	樹頂芒果看有食無	90	3288782266921146	9	子彈生鮮超市	24	香射手
萊涅04	凌宵	90	3120187407220274	10	彼岸	25	執行官
萊涅04	無常	90	3059888660259123	11	彼岸	25	野蠻鬥士
萊涅04	蘿蔔	90	3038215537148558	12	彼岸	25	咒文刻印使
萊涅04	花開似花落	90	2999048048908306	13	陸樓	23	咒文刻印使
萊涅04	弒奎	90	2824232754117145	14	彼岸	25	咒文刻印使
萊涅04	漂泊浪者s	90	2727046850176474	15	彼岸	25	幻影劍士
萊涅04	欺梨子散	90	2565261285916708	16	子彈生鮮超市	25	咒文刻印使
萊涅04	辣椒炒海瓜子	89	2215177274997462	17	子彈生鮮超市	23	咒文刻印使
萊涅04	縱有疾風起	89	2162604653164783	18	彼岸	25	野蠻鬥士
萊涅04	小丑魚	89	1936628073427259	19	彼岸	23	太陽監視者
萊涅04	晴天娃娃	89	1907789194256278	20	彼岸	24	野蠻鬥士
萊涅04	生菜魚肉球不滿	89	1831834728976690	21	子彈生鮮超市	25	野蠻鬥士
萊涅04	熱浪薯片	89	1728664922894574	22	彼岸	24	咒文刻印使
萊涅04	夜雨剪春韭	89	1655109539313838	23	子彈生鮮超市	23	野蠻鬥士
萊涅04	明日葉偲	89	1586946635171318	24	子彈生鮮超市	25	咒文刻印使
萊涅04	芭樂	89	1535946850467827	25	子彈生鮮超市	24	執行官
萊涅04	冰酒	89	1531566391103920	26	彼岸	23	香射手
萊涅04	馬鈴薯性不改	88	1387528337380482	27	子彈生鮮超市	24	幻影劍士
萊涅04	雷夢	88	1247759354389510	28	子彈生鮮超市	24	太陽監視者
萊涅04	FA李珠垠	88	1211348647469745	29	陸樓	21	香射手
萊涅04	無罪	88	1200708299100633	30		23	太陽監視者
萊涅04	貓貓鏟屎官	88	1195636794566974	31	陸樓	22	野蠻鬥士
萊涅04	東巴	88	1187925632669740	32	彼岸	23	執行官
萊涅04	百香果然是你	88	1023732752428735	33	子彈生鮮超市	24	咒文刻印使
萊涅04	西芭K釋迦	88	988797703961509	34	子彈生鮮超市	23	香射手
萊涅04	獼猴桃太郎	88	986239202247131	35	子彈生鮮超市	23	幻影劍士
萊涅04	o夏天	87	917683709913709	36	彼岸	23	咒文刻印使
萊涅04	沐秋	87	879637240730066	37	彼岸	23	咒文刻印使
萊涅04	在你燦爛的季節	87	821173024948368	38	彼岸	22	野蠻鬥士
萊涅04	輩爺	87	801812849578795	39	彼岸	22	太陽監視者
萊涅04	小冬西	87	794070913155652	40	彼岸	22	太陽監視者
萊涅04	Horus	87	749667691299223	41	陸樓	22	咒文刻印使
萊涅04	日遊	87	684377531798376	42	彼岸	22	香射手
萊涅04	追命	87	621248462599506	43	陸樓	21	執行官
萊涅04	使用陷阱卡反彈	87	621206670045596	44	彼岸	23	執行官
萊涅04	龍小丸	86	606339215538329	45	陸樓	20	太陽監視者
萊涅04	村雨	86	597615692657874	46	彼岸	21	咒文刻印使
萊涅04	幻影劍經典版	86	588402792673716	47	彼岸	22	幻影劍士
萊涅04	JoJo	86	569545407901517	48	彼岸	23	香射手
萊涅04	紫繪衣招	86	558082364569962	49	彼岸	22	太陽監視者
萊涅04	星冰樂	86	540764852441245	50	夢境	22	幻影劍士
萊涅04	史都華	86	523800263684683	51	彼岸	22	幻影劍士
萊涅04	維斯佛	86	515820394471347	52	彼岸	22	深淵放逐者
萊涅04	白胡椒	86	513230617300592	53	子彈雜貨店	21	咒文刻印使
萊涅04	零式	86	509175477121264	54	彼岸	23	香射手
萊涅04	馬鈴薯到臨頭	86	508689209159561	55	子彈生鮮超市	22	幻影劍士
萊涅04	韭裡都是糖	86	494471467245117	56	子彈生鮮超市	21	野蠻鬥士
萊涅04	自己	86	493385168890982	57	彼岸	22	咒文刻印使
萊涅04	破福沉舟	86	483012595375664	58	MOO	21	咒文刻印使
萊涅04	維叔	86	482516482841181	59	彼岸	22	執行官
萊涅04	漢堡肉咖哩	86	478124026618450	60	彼岸	22	咒文刻印使
萊涅04	麥當勞套肯德基	86	442794341001397	61	子彈生鮮超市	21	香射手
萊涅04	映雪拉拉	86	435290133156900	62	彼岸	22	香射手
萊涅04	我就A鑽柑韭團P柿	86	413871791205997	63	子彈生鮮超市	21	香射手
萊涅04	牛肉麵	86	401449205195720	64	夢境	21	咒文刻印使
萊涅04	蛋白	85	385756694931007	65	彼岸	21	咒文刻印使
萊涅04	夜椒	85	367741957450626	66	彼岸	21	香射手
萊涅04	小柏	85	345783102949583	67	夢境	20	香射手
萊涅04	紅柚	85	339153994158432	68	陸樓	21	咒文刻印使
萊涅04	輸入中	85	312573934071045	69	陸樓	21	咒文刻印使
萊涅04	月下奶鬼	85	305932995849112	70	夢境	21	咒文刻印使
萊涅04	黑松露	85	299728343576152	71	子彈雜貨店	19	深淵放逐者
萊涅04	麥克斯明	85	297253880796924	72	夢境	21	執行官
萊涅04	哎呀他梅了	85	293685525703677	73	彼岸	21	咒文刻印使
萊涅04	阿離	85	292217486103078	74	MOO	21	香射手
萊涅04	海尼根	85	278741756910191	75	彼岸	22	咒文刻印使
萊涅04	杉上	85	276915268692664	76	彼岸	22	太陽監視者
萊涅04	羱羊	85	269708352595979	77	彼岸	22	咒文刻印使
萊涅04	博啟天尊	85	269129459558948	78		20	幻影劍士
萊涅04	愛聽秋墳鬼唱詩	85	267256482545038	79	夢境	21	香射手
萊涅04	桑延	85	263213456140827	80	彼岸	21	執行官
萊涅04	冰爽鹹蜆仔	85	256226792946942	81	子彈雜貨店	20	咒文刻印使
萊涅04	獨醉笑清風	85	253345589373987	82	夢境	19	香射手
萊涅04	橘子OuO	84	241141433842470	83	子彈生鮮超市	21	咒文刻印使
萊涅04	小萌狐	84	217695669607455	84	夢境	19	咒文刻印使
萊涅04	KuRuMe	84	213255609464840	85	庸懶的貓	21	深淵放逐者
萊涅04	希露菲葉特	84	210660082344014	86	彼岸	21	深淵放逐者
萊涅04	九層塔羅牌	84	207308205591428	87	子彈生鮮超市	21	咒文刻印使
萊涅04	路程	84	206232570897093	88	夢境	20	執行官
萊涅04	神御	84	203159663976371	89	陸樓	19	咒文刻印使
萊涅04	吉伊卡娃娃菜	84	192778218396131	90	子彈生鮮超市	21	香射手
萊涅04	忌子忍	84	180678115423565	91	夢境	20	香射手
萊涅04	凱特	84	179843147510814	92	夢境	18	香射手
萊涅04	幸運熊	84	179703027039165	93	彼岸	21	香射手
萊涅04	IU	84	179351600541264	94	彼岸	21	香射手
萊涅04	花鹿	84	178509705360954	95	夢境	21	野蠻鬥士
萊涅04	課題分離	84	178053207865515	96	夢境	19	咒文刻印使
萊涅04	最後一舞的V哥	84	177652644989391	97	夢境	20	幻影劍士
萊涅04	橫宮七海	84	177113269447179	98	陸樓	21	執行官
萊涅04	老登俠	84	175412612929540	99	彼岸	20	香射手
萊涅04	阿里阿抖	84	174363226226357	100	彼岸	20	咒文刻印使
困特03	WakuwakuXX	90	2928549834741714	1	綿羊部族	23	咒文刻印使
困特03	麻辣湯代表	90	2673523723147602	2	百鬼夜行	24	幻影劍士
困特03	夜楓	90	2419201260028937	3	百鬼夜行	25	執行官
困特03	NlN	89	1995604343335476	4	綿羊部族	24	香射手
困特03	沉迷的鯨魚	89	1989645117300771	5	綿羊部族	23	執行官
困特03	亞豪	89	1879688455633101	6	綿羊部族	24	執行官
困特03	紅髮傑克	89	1847972001822589	7	百鬼夜行	25	執行官
困特03	炸彈人船長	89	1802843139596364	8	百鬼夜行	24	咒文刻印使
困特03	英木	89	1791928907721202	9	綿羊部族	24	執行官
困特03	咕咕嘎嘎	89	1731051732353952	10	綿羊部族	24	咒文刻印使
困特03	無夜遊民	89	1560171010094155	11	百鬼夜行	23	幻影劍士
困特03	凱雷爾	89	1545226990542271	12	綿羊部族	24	幻影劍士
困特03	雲絲頓	88	1292806163163846	13	百鬼夜行	23	咒文刻印使
困特03	想哭又想笑	88	1251328605938408	14	百鬼夜行	23	野蠻鬥士
困特03	Gym米	88	1008379965915336	15	百鬼夜行	24	太陽監視者
困特03	墨水心	87	711329072235502	16	百鬼夜行	22	野蠻鬥士
困特03	大癲	87	695148427745891	17	百鬼夜行	22	幻影劍士
困特03	晴子	87	692342843258170	18	綿羊部族	21	咒文刻印使
困特03	土行者	87	651424480713794	19	百鬼夜行	21	咒文刻印使
困特03	夜妹妹尋找失蹤人口	87	643509400984592	20	百鬼夜行	24	野蠻鬥士
困特03	屎有蟲	87	612541228605678	21	百鬼夜行	22	深淵放逐者
困特03	Treystar	87	608886228664592	22	關東煮	20	幻影劍士
困特03	越來越輕鬆	86	536040451270955	23	百鬼夜行	22	咒文刻印使
困特03	凜星	86	533482304643342	24	百鬼夜行	23	香射手
困特03	逍遙	86	507996930619242	25	百鬼夜行	21	咒文刻印使
困特03	淄衣	86	504704170173913	26	百鬼夜行	22	太陽監視者
困特03	Rubraxis	86	480438953612844	27	百鬼夜行	23	香射手
困特03	七星中淡	86	479281038619988	28	百鬼夜行	22	咒文刻印使
困特03	白夜之王	86	473012048713281	29	綿羊部族	21	咒文刻印使
困特03	林森北路	86	453565821798526	30	百鬼夜行	22	香射手
困特03	瑪莎	86	414203883413250	31	百鬼夜行	22	咒文刻印使
困特03	OBEY	85	371718820501620	32	百鬼夜行	21	幻影劍士
困特03	炸毛	85	369689020544215	33	關東煮	20	幻影劍士
困特03	曉月殿下	85	358351376690664	34	百鬼夜行	22	深淵放逐者
困特03	前方貓能	85	352164327257799	35		22	幻影劍士
困特03	lwadl	85	347154959629969	36	綿羊部族	21	執行官
困特03	瓦煲	85	340571521892512	37	百鬼夜行	21	執行官
困特03	電話詐騙	85	333563013663481	38	百鬼夜行	21	香射手
困特03	金渡兒	85	326530528575987	39	百鬼夜行	21	香射手
困特03	山竹王	85	323068411520339	40	百鬼夜行	21	執行官
困特03	豪爺	85	306824481418152	41	百鬼夜行	20	香射手
困特03	S齋藤飛鳥A	85	289173067245486	42	百鬼夜行	21	太陽監視者
困特03	豬神的黃昏	85	286865236883437	43	關東煮	21	野蠻鬥士
困特03	周桑	85	277008066252889	44		20	香射手
困特03	彈珠人深海鯊魚	85	267365503716817	45	百鬼夜行	21	幻影劍士
困特03	修後西安餒	84	241781555350065	46	百鬼夜行	20	咒文刻印使
困特03	野口衣織	84	240314193409507	47	百鬼夜行	21	香射手
困特03	墜機生還者	84	235762004114839	48	百鬼夜行	21	太陽監視者
困特03	大根聖蘿蔔	84	228178768423079	49	百鬼夜行	19	太陽監視者
困特03	耿鬼	84	215982073652495	50	百鬼夜行	21	執行官
困特03	黑夜櫻	84	209708086820779	51	百鬼夜行	21	香射手
困特03	熊十力	84	207959501326232	52	百鬼夜行	21	野蠻鬥士
困特03	御前戰姬	84	206534193545100	53	百鬼夜行	21	執行官
困特03	陳小刀	84	200036605135064	54	百鬼夜行	21	幻影劍士
困特03	夜靈	84	199174601819410	55	百鬼夜行	20	咒文刻印使
困特03	北緯三十	84	177689476819067	56	綿羊部族	21	太陽監視者
困特03	大右持久	84	175173920531886	57	關東煮	21	執行官
困特03	紫氣東來	84	170850815304755	58	綿羊部族	21	執行官
困特03	華容嫣然	84	167431589763371	59	百鬼夜行	21	野蠻鬥士
困特03	昆布柴魚高湯	84	163584581309869	60	關東煮	21	執行官
困特03	花心白蘿蔔	83	152296446306552	61	關東煮	18	幻影劍士
困特03	米米克	83	147997152733257	62		20	咒文刻印使
困特03	蒸的丸子	83	146947873745732	63	百鬼夜行	19	香射手
困特03	黑輪問號	83	140495161049339	64	關東煮	20	香射手
困特03	豆芙QQ貓	83	140343226191157	65	百鬼夜行	20	幻影劍士
困特03	小綿羊	83	139524446257501	66	百鬼夜行	20	香射手
困特03	綾十二	83	136343753863979	67	綿羊部族	20	執行官
困特03	太陽餅沒太陽	83	128717959028840	68	綿羊部族	19	太陽監視者
困特03	蕊沐	83	124208253568256	69	百鬼夜行	20	香射手
困特03	藕絲o皮蛋	83	121640380319177	70	百鬼夜行	20	幻影劍士
困特03	凌娜貝兒	83	120882698053576	71	綿羊部族	19	咒文刻印使
困特03	夏蘭特	83	115219646034822	72	鯊魚工作室	20	咒文刻印使
困特03	鉐柒	83	112496583904473	73	百鬼夜行	19	咒文刻印使
困特03	明星生活	83	107267418550407	74	百鬼夜行	19	咒文刻印使
困特03	小說	82	98878868862860	75	綿羊部族	18	香射手
困特03	關東炒飯	82	90571395279533	76	百鬼夜行	18	咒文刻印使
困特03	烤肉	82	77879132687530	77	綿羊部族	18	香射手
困特03	卡蹦公爵	82	74897292395987	78	關東煮	18	執行官
困特03	耳鳴傳人	82	67549180569565	79	綿羊部族	19	執行官
困特03	諏訪奈奈香	82	67409970667897	80	關東煮	20	野蠻鬥士
困特03	吃苦	82	66871365812167	81	關東煮	17	咒文刻印使
困特03	安屠村童話	82	66859042263212	82	綿羊部族	19	咒文刻印使
困特03	拉拉克拉拉	82	66362619043893	83	甜食堂	18	野蠻鬥士
困特03	糖果超甜的	81	64926421572197	84	關東煮	18	咒文刻印使
困特03	迷幻蘑菇	81	60290703245992	85	關東煮	19	幻影劍士
困特03	瘦瘦的瘦子還是瘦瘦	81	59074695595462	86	關東煮	15	香射手
困特03	waha	81	56789818034955	87	綿羊部族	19	咒文刻印使
困特03	孤僻L	81	56360425951998	88	關東煮	17	野蠻鬥士
困特03	說來就來	81	54591707186058	89		18	咒文刻印使
困特03	皮可西貝貝	81	54213044636233	90	關東煮	18	咒文刻印使
困特03	七分	81	51648104822322	91	阿娜	17	太陽監視者
困特03	煙花	81	51410754390554	92	阿娜	17	太陽監視者
困特03	LukeLuke	81	48846838998778	93	亂	18	幻影劍士
困特03	你過來啊	81	48664591871242	94		18	執行官
困特03	囉哩吧嗦唐玄奘	81	45766832868168	95		19	執行官
困特03	有沒有感覺刺刺的	81	45536398894369	96		18	香射手
困特03	帕爾提槍	81	44761928565354	97	關東煮	18	野蠻鬥士
困特03	多汁蘋果	81	44164824814566	98	綿羊部族	17	咒文刻印使
困特03	噴風貝	81	44161645032967	99	Jbc	17	太陽監視者
困特03	柳丁橘子	81	42379684630202	100	工具人	17	執行官
伊奈司01	一炊煙	92	8613822976941032	1	白月如火	25	野蠻鬥士
伊奈司01	害羞的強尼	92	6957101118988146	2	白月如火	25	野蠻鬥士
伊奈司01	永恆	92	6602467015289634	3	白月如火	25	執行官
伊奈司01	暴君水龍	92	6201760022822103	4	白月如火	25	執行官
伊奈司01	AT小法	91	5871214414840982	5	白月如火	25	咒文刻印使
伊奈司01	燕歸人	91	5726427443511525	6	白月如火	25	野蠻鬥士
伊奈司01	小哆啦	91	5646102960403311	7	白月如火	25	咒文刻印使
伊奈司01	一杯敬朝陽一杯敬月光	91	5332046853621813	8	白月如火	25	香射手
伊奈司01	白龍君	91	5176089204423364	9	白月如火	25	咒文刻印使
伊奈司01	積積陰陰德	91	4774457941237968	10	白月如火	25	執行官
伊奈司01	嚕媽媽大豆油	91	4720438262518216	11	白月如火	25	咒文刻印使
伊奈司01	歸舟頂扣扣	91	4482325708029332	12	白月如火	25	執行官
伊奈司01	禁止掛機	91	4030133596105958	13	烈火如月	25	咒文刻印使
伊奈司01	小乖真可愛	91	3895284162656288	14	白月如火	25	野蠻鬥士
伊奈司01	喬巴巴	91	3856533547349368	15	千陽號	25	野蠻鬥士
伊奈司01	凌凌漆	91	3828193489552117	16	白月如火	25	太陽監視者
伊奈司01	BBee	90	3451449677612142	17	白月如火	25	幻影劍士
伊奈司01	So	90	3341318225961400	18	白月如火	24	咒文刻印使
伊奈司01	清燉牛肉麵	90	3232231146143788	19	白月如火	24	幻影劍士
伊奈司01	余樂天	90	3172977801014935	20	白月如火	24	野蠻鬥士
伊奈司01	克帥	90	3070002745462276	21	白月如火	25	咒文刻印使
伊奈司01	藍染惣右介	90	3033536509128776	22	烈火如月	25	野蠻鬥士
伊奈司01	吃一口玉米棒	90	2989702610183708	23	白月如火	25	咒文刻印使
伊奈司01	討厭黑眼圈	90	2967666545666295	24	千陽號	24	咒文刻印使
伊奈司01	達哥男朋友	90	2934402865791415	25	白月如火	25	太陽監視者
伊奈司01	吃一口吉拿棒	90	2459604851063474	26	白月如火	24	野蠻鬥士
伊奈司01	阿嬤壓車撿十塊	90	2376740078274764	27	白月如火	24	太陽監視者
伊奈司01	戲子無情	89	2219916808426321	28	白月如火	25	咒文刻印使
伊奈司01	浪情天涯	89	2157372937563331	29	白月如火	24	執行官
伊奈司01	將臣	89	1958928085501958	30	白月如火	24	太陽監視者
伊奈司01	魔羯座	89	1803593881576400	31	白月如火	24	香射手
伊奈司01	Rudeee	89	1757692044959746	32	白月如火	25	香射手
伊奈司01	輕舟已經後空翻	89	1698972953860249	33	白月如火	23	咒文刻印使
伊奈司01	華Dee	89	1633002181534536	34	烈火如月	24	咒文刻印使
伊奈司01	獅子座	89	1584664302802138	35	白月如火	24	咒文刻印使
伊奈司01	金冬天的肥龍	89	1547420855367464	36	烈火如月	24	執行官
伊奈司01	我這一生如履薄冰	89	1516611775310966	37	白月如火	24	咒文刻印使
伊奈司01	勒布朗	88	1463212903635550	38	烈火如月	23	執行官
伊奈司01	默默豬	88	1457987966662025	39	烈火如月	23	野蠻鬥士
伊奈司01	百變怪	88	1424337712483897	40	白月如火	24	咒文刻印使
伊奈司01	OO弍	88	1332787642507487	41	白月如火	24	執行官
伊奈司01	香克斯	88	1331063183725108	42	千陽號	24	野蠻鬥士
伊奈司01	吃一口奶油獅	88	1273237771557335	43	白月如火	22	咒文刻印使
伊奈司01	EDl	88	1271776537383522	44	白月如火	23	咒文刻印使
伊奈司01	WWWWW	88	1266277075178484	45	白月如火	24	咒文刻印使
伊奈司01	藤原拓拓	88	1228568899765249	46	白月如火	24	咒文刻印使
伊奈司01	羊聚集	88	1227591116103404	47	烈火如月	23	執行官
伊奈司01	登機票登機	88	1146347735779972	48	烈火如月	24	執行官
伊奈司01	金太妍	88	1131540318161212	49	烈火如月	24	咒文刻印使
伊奈司01	貓叉	88	1120602242772284	50	白月如火	23	香射手
伊奈司01	金德毛毛	88	1095071454696824	51	千陽號	22	執行官
伊奈司01	三日練成鐵沙掌	88	1079718957701011	52	烈火如月	23	執行官
伊奈司01	天選氣運貓	88	1050118338859823	53	白月如火	22	咒文刻印使
伊奈司01	paprika	88	1037816987360799	54	烈火如月	24	咒文刻印使
伊奈司01	貝波熊	88	1022710621795432	55	千陽號	23	咒文刻印使
伊奈司01	飲酒醉	88	956154673337994	56	白月如火	22	執行官
伊奈司01	阿文	88	954846417945411	57	烈火如月	23	深淵放逐者
伊奈司01	白夜夜	87	919910960319746	58	烈火如月	23	咒文刻印使
伊奈司01	哈拉	87	915368385355385	59	白月如火	21	咒文刻印使
伊奈司01	溫玖	87	911072608444291	60	白月如火	24	香射手
伊奈司01	薩波	87	898120905385951	61	千陽號	22	幻影劍士
伊奈司01	O口O	87	887666667012143	62	後山	24	執行官
伊奈司01	魯夫夫	87	788620950450378	63	千陽號	23	深淵放逐者
伊奈司01	華丰	87	767687845313025	64	白月如火	22	幻影劍士
伊奈司01	地瓜圓	87	761432675295131	65	烈火如月	23	香射手
伊奈司01	米克拉貝吉塔	87	760434895856432	66	白月如火	22	執行官
伊奈司01	無酒不成禮儀	87	733766095817802	67	白月如火	21	咒文刻印使
伊奈司01	永遠之子o	87	704311457236051	68	白月如火	21	咒文刻印使
伊奈司01	艾歐基麥康	87	630945056432315	69	千陽號	21	野蠻鬥士
伊奈司01	小星星	87	618339119669723	70	烈火如月	23	野蠻鬥士
伊奈司01	天星	87	613401942219496	71	烈火如月	23	執行官
伊奈司01	屁寶愛玩水	86	572083196411844	72	烈火如月	23	咒文刻印使
伊奈司01	送報O	86	565887488570928	73	千陽號	22	執行官
伊奈司01	小咻咻	86	553413516325719	74	千陽號	20	香射手
伊奈司01	布丁奶茶	86	540676891428794	75	千陽號	22	野蠻鬥士
伊奈司01	坴粵辻叁	86	527261616694075	76	後山	20	咒文刻印使
伊奈司01	即期餅乾	86	520244202136796	77	千陽號	20	太陽監視者
伊奈司01	拎刀西郎	86	506861707980918	78	烈火如月	21	咒文刻印使
伊奈司01	朗弗特	86	488754467062324	79	烈火如月	21	幻影劍士
伊奈司01	雲寶	86	486839596965967	80	千陽號	21	執行官
伊奈司01	海馬	86	478337396138654	81	千陽號	21	野蠻鬥士
伊奈司01	若有終須有若無莫強求	86	452919712578061	82	烈火如月	21	野蠻鬥士
伊奈司01	歐浠	86	447923757945681	83	烈火如月	22	野蠻鬥士
伊奈司01	藍波球	86	412554628742111	84	千陽號	20	咒文刻印使
伊奈司01	喬曦玥	86	399517061038753	85	千陽號	20	咒文刻印使
伊奈司01	刑天	86	399232849509063	86	千陽號	22	執行官
伊奈司01	達聞西	86	389294539149410	87	詩與遠方	21	咒文刻印使
伊奈司01	無奈小熊	85	377391334101001	88	烈火如月	21	野蠻鬥士
伊奈司01	聽說一發入魂	85	362500423284416	89	烈火如月	21	野蠻鬥士
伊奈司01	艾底希思	85	359726761757336	90	白月如火	21	咒文刻印使
伊奈司01	鹹魚乂躺平	85	352916710838233	91	烈火如月	22	執行官
伊奈司01	早知道是這樣像夢一場	85	342635861121302	92	後山	21	咒文刻印使
伊奈司01	波妮	85	339817014017095	93	千陽號	19	咒文刻印使
伊奈司01	平凡	85	339594193857444	94	烈火如月	22	咒文刻印使
伊奈司01	一杯敬明天一杯敬過往	85	336960399332020	95	詩與遠方	21	執行官
伊奈司01	吊梨試佛	85	327984337576985	96	詩與遠方	21	野蠻鬥士
伊奈司01	醬板吉	85	327030064817694	97	白月如火	21	執行官
伊奈司01	孤秋	85	326661664787511	98	烈火如月	21	香射手
伊奈司01	淡然i	85	322431980244409	99	烈火如月	21	太陽監視者
伊奈司01	歡喜	85	319422630220906	100	烈火如月	21	咒文刻印使
基安05	雅俗共賞	88	1282039490726383	1	北顧南山	23	咒文刻印使
基安05	沒煩惱	87	818001434640842	2	北顧南山	21	野蠻鬥士
基安05	百撕不得騎姐	87	810599668734498	3	北顧南山	23	執行官
基安05	傲嬌o	87	737056017644876	4	北顧南山	21	咒文刻印使
基安05	一次	87	631720550343909	5	北顧南山	23	太陽監視者
基安05	七味	86	479664490210004	6	臥龍神樹坪熊貓基地	21	太陽監視者
基安05	TARAKA	86	405213838597047	7	OLLEH	21	執行官
基安05	一把玩具槍與玫瑰z	86	396577791806401	8	臥龍神樹坪熊貓基地	21	野蠻鬥士
基安05	老大你行先	85	384491830614468	9		21	執行官
基安05	宇智波侑	85	345784467339880	10		20	深淵放逐者
基安05	中本聰一	85	302535969193852	11	歐洲賓士	21	野蠻鬥士
基安05	中山	85	302156847272492	12	OLLEH	20	野蠻鬥士
基安05	發財仔仔	85	279728121032897	13	北顧南山	20	香射手
基安05	文先生	85	277055447207145	14	歐洲賓士	21	太陽監視者
基安05	拯救地球	85	250794105724392	15	北顧南山	20	咒文刻印使
基安05	幻勁	84	246481120799162	16	歐洲賓士	21	太陽監視者
基安05	老肩巨滑	84	239873612687480	17	北顧南山	20	深淵放逐者
基安05	成和花局長	84	213460572807086	18	臥龍神樹坪熊貓基地	20	深淵放逐者
基安05	山不轉水轉	84	191610049688743	19	北顧南山	18	咒文刻印使
基安05	招財貓貓	84	189219655376946	20	北顧南山	19	咒文刻印使
基安05	白帥帥	84	181020263277588	21	歐洲賓士	20	咒文刻印使
基安05	春夏秋冬	84	160196289921848	22		20	幻影劍士
基安05	怎麼可以傷害兔兔	83	155983748603009	23	歐洲賓士	19	野蠻鬥士
基安05	神秘香雞腿	83	142726101726968	24	歐洲賓士	19	咒文刻印使
基安05	天光雲影	83	136087872676603	25	歐洲賓士	19	咒文刻印使
基安05	蝦仁不眨眼	83	135245699099576	26	臥龍神樹坪熊貓基地	19	幻影劍士
基安05	龍傲天	83	134743707178668	27	秦夢瑤	18	幻影劍士
基安05	余火	83	134202852217216	28	巔峰	17	香射手
基安05	渣男ing	83	133334188094296	29	北顧南山	18	執行官
基安05	哥譚On九鳥	83	125276339674467	30		18	太陽監視者
基安05	法國賭神	83	124277215483722	31	歐洲賓士	19	執行官
基安05	次所舞子	83	121041436539728	32	歐洲賓士	19	太陽監視者
基安05	星詠	83	118947629087804	33	歐洲賓士	17	執行官
基安05	sooo	83	116561032617813	34	OLLEH	19	太陽監視者
基安05	胖子阿吉	83	108501468326729	35	歐洲賓士	19	咒文刻印使
基安05	樹果	83	103612611655101	36	北顧南山	18	咒文刻印使
基安05	芒果青	82	100671072046412	37		19	香射手
基安05	KT	82	99426572655534	38	OLLEH	18	執行官
基安05	我要驗牌	82	94225140993945	39	歐洲賓士	18	咒文刻印使
基安05	GD	82	91798324126034	40	歐洲賓士	19	執行官
基安05	星之夜	82	88450629099040	41	歐洲賓士	20	太陽監視者
基安05	精細結構常數	82	72710236401760	42	歐洲賓士	18	執行官
基安05	神畫	82	72479233691849	43		16	香射手
基安05	瑟七	82	71594905293254	44	溫緇衣一章	18	香射手
基安05	香蕉乳酪	82	71273359676793	45	北顧南山	17	深淵放逐者
基安05	犄角旮旯	82	69134444706320	46	北顧南山	17	深淵放逐者
基安05	等有時間	82	66915747030283	47	北顧南山	17	執行官
基安05	高麗菜	81	63708823359180	48	歐洲賓士	19	太陽監視者
基安05	青橙	81	63390755011116	49	北顧南山	17	執行官
基安05	吸了一天半	81	60960912972234	50	中立小小盟	16	咒文刻印使
基安05	全身上下嘴最硬	81	59179909380386	51	北顧南山	17	咒文刻印使
基安05	情深緣淺不由人	81	57488232825082	52		18	咒文刻印使
基安05	嚇死寶寶了	81	55160996149194	53	歐洲賓士	18	咒文刻印使
基安05	唉呦威呀	81	54740471843173	54	歐洲賓士	18	香射手
基安05	今天回洞穴	81	53711014149071	55	臥龍神樹坪熊貓基地	19	幻影劍士
基安05	哥哥不要動窩料全自動	81	44232037168727	56	歐洲賓士	18	香射手
基安05	喵到退game	80	41502243361051	57	秦夢瑤	15	野蠻鬥士
基安05	龍巨	80	40829008570692	58	巔峰	16	深淵放逐者
基安05	Jyoon	80	40468946763509	59	OLLEH	17	執行官
基安05	綠寶	80	39099282649497	60		15	執行官
基安05	非洲賓士	80	38866258258441	61	歐洲賓士	15	咒文刻印使
基安05	天域晴子	80	37044114116649	62	歐洲賓士	17	太陽監視者
基安05	Binance	80	36502534804609	63		17	太陽監視者
基安05	成名	80	33795685462001	64	巔峰	15	太陽監視者
基安05	嵐喵	80	33272825939289	65	秦夢瑤	15	太陽監視者
基安05	財大器粗	80	30765548254448	66	北顧南山	15	咒文刻印使
基安05	一熊大一	80	30228686379233	67		17	幻影劍士
基安05	彳亍	80	29850456897253	68	秦夢瑤	15	太陽監視者
基安05	蟬鳴瑩舞	80	29238702687275	69		17	執行官
基安05	老男孩	80	27842048864584	70	歐洲賓士	19	咒文刻印使
基安05	富華	80	27578948543424	71	北顧南山	15	深淵放逐者
基安05	偷人還偷號	79	27145994294322	72		18	太陽監視者
基安05	QN	79	26787110833345	73		17	香射手
基安05	終究打婆質疑	79	25799782744743	74		17	咒文刻印使
基安05	賴咪	79	25722485560565	75	尼古清十郎	15	咒文刻印使
基安05	kid閃閃	79	25167381386082	76	kid閃閃	15	咒文刻印使
基安05	Ohtani	79	23561092075359	77	溫緇衣一章	16	執行官
基安05	鐵馬金戈	79	21921782346320	78	北顧南山	16	深淵放逐者
基安05	櫻花樹下誰都美	79	21759740967443	79	北顧南山	15	深淵放逐者
基安05	蝌蚪刺身	79	21668498348986	80		16	太陽監視者
基安05	奇奇妙妙	79	21626941342014	81	妖怪村	15	太陽監視者
基安05	兇猛毛怪	79	21417448015164	82	歐洲賓士	16	執行官
基安05	奈斯	79	21155749691690	83	奈斯a	17	香射手
基安05	筱狼	79	20845270049071	84	北顧南山	15	深淵放逐者
基安05	終將打珀質疑	79	20242479849330	85	北顧南山	16	深淵放逐者
基安05	一蒼嵐一	79	20224589952685	86		16	執行官
基安05	筱虹	79	18700099345565	87	北顧南山	15	深淵放逐者
基安05	一斷滅闡提一	79	18173348929702	88		15	執行官
基安05	木矛	78	17912575548057	89	溫緇衣一章	15	咒文刻印使
基安05	情劫	78	17622217136265	90	奈斯a	16	香射手
基安05	霸科斯	78	17505553973538	91	妖怪村	15	太陽監視者
基安05	神偷奶爸	78	17487376583594	92	臥龍神樹坪熊貓基地	15	咒文刻印使
基安05	美麗星晨	78	16984927185049	93		16	香射手
基安05	不倒喵	78	16891597279585	94	秦夢瑤	16	執行官
基安05	一依依一	78	16856217148591	95		15	咒文刻印使
基安05	骷髏射手	78	16837122459483	96	妖怪村	15	香射手
基安05	她說今夜未到香	78	16698612083744	97		17	香射手
基安05	麵筋	78	16524328738311	98	妖怪村	15	太陽監視者
基安05	一MAYURI一	78	16174296310210	99		15	太陽監視者
基安05	星語	78	16075325004314	100		15	深淵放逐者
黛庫爾01	貓山王	88	1469587662542318	1	水果攤	24	執行官
黛庫爾01	被遺忘的酷寒狂戟鬥士	87	738033436912488	2	水果攤	21	野蠻鬥士
黛庫爾01	一闕幽夢斷何年	86	567062160793337	3		22	香射手
黛庫爾01	卝Yoman卝	86	425393458483140	4	舞餐區	22	咒文刻印使
黛庫爾01	哈士柴	85	385061815993827	5	水果攤	21	太陽監視者
黛庫爾01	農夫一號	85	374804596179316	6	水果攤	21	野蠻鬥士
黛庫爾01	包囍饅頭	85	309403846002676	7	水果攤	22	野蠻鬥士
黛庫爾01	O罒O	84	212691986332132	8	水果攤	20	咒文刻印使
黛庫爾01	烤鴨術士	84	198641740102783	9	水果攤	21	執行官
黛庫爾01	主教	84	196137278604658	10	水果攤	20	咒文刻印使
黛庫爾01	阿金的波拉日記	84	194197685714534	11	加減玩	20	咒文刻印使
黛庫爾01	夢中仍相思	84	188778039734400	12	清風上南枝	19	執行官
黛庫爾01	酸辣牛肉麵	84	170930223294516	13	水果攤	18	執行官
黛庫爾01	圖坦卡門	84	169704264293674	14	水果攤	20	咒文刻印使
黛庫爾01	幻影冰冰	84	161871576039761	15	水果攤	20	太陽監視者
黛庫爾01	澀澀貓	84	160193349167659	16		20	執行官
黛庫爾01	幻影熱熱	83	152719849492795	17	水果攤	20	咒文刻印使
黛庫爾01	道友請留步	83	147844312206163	18	水果攤	21	太陽監視者
黛庫爾01	淵天	83	131414998927412	19		21	咒文刻印使
黛庫爾01	芝士雞腿卷	83	129531890972459	20	水果攤	19	野蠻鬥士
黛庫爾01	卝綾小舞卝	83	123820517995261	21	舞餐區	19	太陽監視者
黛庫爾01	ROCK貓	83	119760981872988	22	水果攤	19	咒文刻印使
黛庫爾01	影山	83	116107710590322	23		18	太陽監視者
黛庫爾01	沈寧冰	83	114054076687101	24	上杉	19	野蠻鬥士
黛庫爾01	李淳風	83	110777711161310	25	水果攤	19	太陽監視者
黛庫爾01	赫拉	83	104513380982180	26		17	太陽監視者
黛庫爾01	沐雨橙風	83	102010596582871	27		19	執行官
黛庫爾01	瓦煲煲	82	97615833096138	28	黑妹	18	咒文刻印使
黛庫爾01	結丹小兒	82	90836773378519	29	水果攤	17	執行官
黛庫爾01	清風上南枝	82	84598512764256	30	清風上南枝	18	執行官
黛庫爾01	小杰	82	84097106795162	31	春日部	17	幻影劍士
黛庫爾01	乾燒大黃魚	82	77527483565690	32	水果攤	18	太陽監視者
黛庫爾01	肉醬	82	74819634380999	33		18	香射手
黛庫爾01	宮城	82	73511273408102	34		17	執行官
黛庫爾01	蛇蠍	82	68353422760035	35	水果攤	17	香射手
黛庫爾01	布偶貓	82	66145798411463	36		17	野蠻鬥士
黛庫爾01	四萬	82	66023371017568	37		17	太陽監視者
黛庫爾01	貓一橘就胖	81	61600170082690	38		19	咒文刻印使
黛庫爾01	月隱月明月朦朧	81	60991302633962	39		17	幻影劍士
黛庫爾01	一白夜一	81	58550731990869	40		19	咒文刻印使
黛庫爾01	黑夜怨靈	81	58446036587804	41		16	咒文刻印使
黛庫爾01	李魚門	81	57408838920034	42		19	太陽監視者
黛庫爾01	徐鳳年	81	54174757757021	43	水果攤	18	香射手
黛庫爾01	低調發育	81	51110681679767	44	打工仔	17	香射手
黛庫爾01	幻覺	80	41238966862535	45		17	執行官
黛庫爾01	柔那	80	40178088329710	46	加減玩	16	咒文刻印使
黛庫爾01	武川奈富	80	40020180356345	47	水果攤	16	執行官
黛庫爾01	靜雅	80	39564667170960	48	加減玩	16	香射手
黛庫爾01	奶牛貓	80	39135040688470	49		16	咒文刻印使
黛庫爾01	小弱弱	80	38777449449111	50	水果攤	18	咒文刻印使
黛庫爾01	大減價	80	37480434302624	51		16	咒文刻印使
黛庫爾01	illusion	80	37107845335857	52		17	太陽監視者
黛庫爾01	Anya	80	33870932818914	53	肥斧	18	幻影劍士
黛庫爾01	芊芊	80	28828181564949	54	加減玩	15	香射手
黛庫爾01	亞燚	79	27405070368261	55	加減玩	16	太陽監視者
黛庫爾01	吃辣	79	25581598981573	56		15	深淵放逐者
黛庫爾01	清潔猿	79	24409589572016	57	加減玩	17	香射手
黛庫爾01	法號吐魯斯	79	23397403209769	58		16	太陽監視者
黛庫爾01	asdfghjkl	79	20490694878334	59	上杉	15	野蠻鬥士
黛庫爾01	刀刀入魂	79	20307366150840	60	小法	14	幻影劍士
黛庫爾01	抗藥性	79	20164705474684	61	水果攤	17	咒文刻印使
黛庫爾01	龍鷹	79	19742646842679	62	春日部	15	幻影劍士
黛庫爾01	幕幕	79	19254233614702	63	加減玩	15	香射手
黛庫爾01	亭亭	79	19147878712651	64	加減玩	15	香射手
黛庫爾01	雪妍	79	18887046097327	65	春日部	15	咒文刻印使
黛庫爾01	神咪咪	79	18683110737065	66	加減玩	16	咒文刻印使
黛庫爾01	法號牛筆邱尼	79	18573898386837	67		16	幻影劍士
黛庫爾01	牙夙	78	17990381249787	68		15	野蠻鬥士
黛庫爾01	等秋高看山勢	78	17626433106575	69	清風上南枝	11	太陽監視者
黛庫爾01	魔咪咪	78	17230286847214	70	加減玩	16	咒文刻印使
黛庫爾01	艾米	78	16945805916090	71	春日部	15	香射手
黛庫爾01	川普	78	16857203658948	72	水果攤	17	執行官
黛庫爾01	阿納貝貝	78	16698466185437	73		15	太陽監視者
黛庫爾01	峯峯	78	16402157898540	74	加減玩	15	香射手
黛庫爾01	卍萬	78	16386216354696	75	加減玩	15	咒文刻印使
黛庫爾01	乖嫑殺我也嫑跑	78	15741008170215	76	水果攤	19	咒文刻印使
黛庫爾01	Sck	78	15464030377551	77	水果攤	17	咒文刻印使
黛庫爾01	我奶你放心	78	15451997158533	78	小法	13	咒文刻印使
黛庫爾01	木牧	78	13837854833875	79	加減玩	15	太陽監視者
黛庫爾01	走狗	78	13741658457383	80	水果攤	15	咒文刻印使
黛庫爾01	葫蘆娃	78	13179821162870	81	小雷音寺	15	執行官
黛庫爾01	喔巴桑	78	12794313230393	82	加減玩	16	咒文刻印使
黛庫爾01	美眉救鬼	78	12297298433049	83		14	幻影劍士
黛庫爾01	忘記呼吸	77	11865586615407	84	哇賽秘境	15	咒文刻印使
黛庫爾01	fitfit	77	11093252805924	85	哇賽秘境	15	咒文刻印使
黛庫爾01	川投顧	77	10843722271118	86	水果攤	15	深淵放逐者
黛庫爾01	羅小虎	77	10046051728572	87	羅小虎	15	執行官
黛庫爾01	夢魘	77	9896162846441	88	百鬼夜夢	15	咒文刻印使
黛庫爾01	古早味紅茶	77	9602588353824	89		15	香射手
黛庫爾01	再探故知	77	9453743839146	90	清風上南枝	14	咒文刻印使
黛庫爾01	WUYSHW	77	9386285581787	91	忠義堂	15	咒文刻印使
黛庫爾01	黑鬼	77	8751410959966	92		13	執行官
黛庫爾01	二三	77	8562455983567	93	小雷音寺	13	執行官
黛庫爾01	小葵	77	8291166591709	94	春日部	10	咒文刻印使
黛庫爾01	退休村民	76	8188231291304	95		14	幻影劍士
黛庫爾01	小助手	76	7706613182960	96	肥斧	15	野蠻鬥士
黛庫爾01	深淵拿鐵	76	7595350749995	97	哇賽秘境	15	深淵放逐者
黛庫爾01	魂隱	76	7578613140328	98		14	執行官
黛庫爾01	waku不欠我七百八	76	7430357767755	99		15	幻影劍士
黛庫爾01	精靈卡早睏	76	7234660177832	100		13	太陽監視者
