world_name	gc_name	gc_level	gc_exp	ranking	guild_name	grade	class_name
戴摩爾克03	勇者無敵	86	602004130813141	1	夜夜笙歌	22	幻影劍士
戴摩爾克03	猛牛	83	148675624180276	2	夜夜笙歌	19	執行官
戴摩爾克03	猛羊	83	135428466472603	3		19	幻影劍士
戴摩爾克03	猛天	83	131051030543704	4		20	深淵放逐者
戴摩爾克03	盡情享樂	83	130298125442352	5	夜夜笙歌	19	執行官
戴摩爾克03	猛虎	82	65810085784616	6	夜夜笙歌	18	執行官
戴摩爾克03	梅子可樂	81	59960775127978	7	夜夜笙歌	17	咒文刻印使
戴摩爾克03	咋咋呼呼	81	59797366290374	8	前邊的陌生人	17	深淵放逐者
戴摩爾克03	小布丁	81	55301270089863	9	夜夜笙歌	18	執行官
戴摩爾克03	一小香呱一	81	55125621039197	10	夜夜笙歌	17	執行官
戴摩爾克03	猛馬	81	50442233157235	11	夜夜笙歌	17	幻影劍士
戴摩爾克03	一輕舞一	81	49169980997291	12		17	咒文刻印使
戴摩爾克03	學會記憶	81	43903314737611	13	前邊的陌生人	17	香射手
戴摩爾克03	冰淇淋紅茶	80	41514567240288	14		17	咒文刻印使
戴摩爾克03	李鐵柱	80	31192464156493	15	網事隨風	16	咒文刻印使
戴摩爾克03	一KK歪一	80	28186812570146	16		16	咒文刻印使
戴摩爾克03	奧特曼老四	79	25458200738397	17	前邊的陌生人	16	幻影劍士
戴摩爾克03	信念	79	24702057010245	18	網事隨風	15	香射手
戴摩爾克03	抱歉沒點補濕	79	24512322055560	19	夜夜笙歌	16	咒文刻印使
戴摩爾克03	謝不肉	79	23797867001266	20	網事隨風	15	咒文刻印使
戴摩爾克03	猛龍	79	23674503726532	21	夜夜笙歌	15	咒文刻印使
戴摩爾克03	天之痕	79	23302542020275	22	網事隨風	15	香射手
戴摩爾克03	一川一	79	23115112666802	23		17	香射手
戴摩爾克03	小矮人老三	79	22641767780060	24	前邊的陌生人	14	幻影劍士
戴摩爾克03	七仙女大姐	79	22505970828358	25	前邊的陌生人	15	太陽監視者
戴摩爾克03	一小木呱一	79	19287836644673	26	夜夜笙歌	15	咒文刻印使
戴摩爾克03	年少有為	79	18858927292355	27	騰達	17	太陽監視者
戴摩爾克03	一尾活龍一	79	18185046451384	28	夜夜笙歌	16	深淵放逐者
戴摩爾克03	網事隨風	78	17994340411411	29	網事隨風	15	香射手
戴摩爾克03	七仙女三姐	78	17877668703188	30	前邊的陌生人	15	太陽監視者
戴摩爾克03	網事	78	17727871942948	31	網事隨風	15	香射手
戴摩爾克03	重置	78	17386526766482	32	網事隨風	15	香射手
戴摩爾克03	奧特曼老三	78	17108294164800	33	前邊的陌生人	15	幻影劍士
戴摩爾克03	轉來	78	17046861978439	34	網事隨風	15	香射手
戴摩爾克03	變更	78	16759994864941	35	網事隨風	15	香射手
戴摩爾克03	打城	78	16328270126403	36	網事隨風	15	香射手
戴摩爾克03	緣o	78	16209978500671	37	隨創亂掛	15	香射手
戴摩爾克03	小矮人老貳	78	15047652165925	38	前邊的陌生人	14	幻影劍士
戴摩爾克03	祝你好運	78	13314897338846	39	祝你天天快樂	13	執行官
戴摩爾克03	福娃英俊	78	12966437706121	40	前邊的陌生人	13	咒文刻印使
戴摩爾克03	慕靈	78	12596667328711	41		15	咒文刻印使
戴摩爾克03	無法無天	77	12039024043381	42	前邊的陌生人	14	咒文刻印使
戴摩爾克03	七仙女小五	77	10973594330649	43	前邊的陌生人	14	香射手
戴摩爾克03	福娃飯飯	77	9778039844814	44	前邊的陌生人	13	香射手
戴摩爾克03	龍淵	77	9662903178961	45		14	幻影劍士
戴摩爾克03	小矮人老五	77	9337697414928	46	前邊的陌生人	12	幻影劍士
戴摩爾克03	葫蘆娃老五	77	9201888286914	47	前邊的陌生人	14	幻影劍士
戴摩爾克03	似夢非夢	77	8569698460030	48	前邊的陌生人	12	香射手
戴摩爾克03	葫蘆娃老大	77	8458947279349	49	前邊的陌生人	14	咒文刻印使
戴摩爾克03	小矮人老四	76	8180204478220	50	前邊的陌生人	12	咒文刻印使
戴摩爾克03	七仙女四妹	76	7865750200010	51	前邊的陌生人	14	幻影劍士
戴摩爾克03	福娃嘟嘟	76	7695495397042	52	前邊的陌生人	12	幻影劍士
戴摩爾克03	奧特曼老五	76	7459080348559	53	前邊的陌生人	14	太陽監視者
戴摩爾克03	波霸紅茶拿鐵	76	6396830437634	54		14	咒文刻印使
戴摩爾克03	安雅喵	76	6355121075842	55	夜夜笙歌	13	咒文刻印使
戴摩爾克03	琦蔓	76	5947083188547	56		16	咒文刻印使
戴摩爾克03	清風來去去	76	5880297049133	57	祝你天天快樂	11	深淵放逐者
戴摩爾克03	小矮人老大	75	5504809172958	58	前邊的陌生人	11	幻影劍士
戴摩爾克03	金粹蕎麥綠寶	75	5455542128979	59		14	咒文刻印使
戴摩爾克03	Rinehart	75	5328318923528	60		15	太陽監視者
戴摩爾克03	艾兒	75	5011448361821	61	養老院	14	深淵放逐者
戴摩爾克03	小青瓜	75	4698642279236	62		14	幻影劍士
戴摩爾克03	蔓琦	75	4481824993985	63		14	香射手
戴摩爾克03	葫蘆娃老貳	75	4407100683992	64	前邊的陌生人	13	咒文刻印使
戴摩爾克03	葫蘆娃老三	75	4371606724821	65	前邊的陌生人	13	香射手
戴摩爾克03	七仙女二姐	74	4063695097526	66	前邊的陌生人	13	太陽監視者
戴摩爾克03	淘氣狗	74	3401453033770	67	祝你天天快樂	11	太陽監視者
戴摩爾克03	羞羞答答啊	74	3309920587867	68	祝你天天快樂	11	太陽監視者
戴摩爾克03	奧特曼老貳	73	3221195897992	69	前邊的陌生人	12	幻影劍士
戴摩爾克03	奧特曼老大	73	3214175742819	70	前邊的陌生人	12	幻影劍士
戴摩爾克03	一猜猜我是誰一	73	3201645686217	71	調查兵團	14	太陽監視者
戴摩爾克03	福娃劍客	73	3194575883602	72	前邊的陌生人	8	幻影劍士
戴摩爾克03	隨風	73	3104544828705	73		12	香射手
戴摩爾克03	葫蘆娃老四	73	3038232370232	74	前邊的陌生人	13	幻影劍士
戴摩爾克03	茶一杯	73	3025403877090	75		13	香射手
戴摩爾克03	腳後跟	73	2723866447579	76	祝你天天快樂	10	太陽監視者
戴摩爾克03	一小呆呱一	73	2663550423301	77		12	幻影劍士
戴摩爾克03	輕舞飛揚	73	2489186365086	78		13	幻影劍士
戴摩爾克03	QQ咩咩好喝咩噗茶	73	2476995169325	79		12	太陽監視者
戴摩爾克03	Yuze羽澤	73	2348764628711	80		10	香射手
戴摩爾克03	譚厚蘭	72	2275426182861	81	祝你天天快樂	10	太陽監視者
戴摩爾克03	櫻紅	72	2180416388712	82	Mega水箭龜	13	太陽監視者
戴摩爾克03	福娃安安	72	2107880347972	83	前邊的陌生人	9	執行官
戴摩爾克03	開劍魂	72	1935302657078	84	祝你天天快樂	10	太陽監視者
戴摩爾克03	一小傻呱一	72	1828544791376	85		11	幻影劍士
戴摩爾克03	福娃阿蘭	72	1810855190210	86	前邊的陌生人	9	咒文刻印使
戴摩爾克03	迪卡努	72	1710670370454	87		9	香射手
戴摩爾克03	小貓可愛	72	1613134295954	88	祝你天天快樂	10	太陽監視者
戴摩爾克03	忙裡偷閒	72	1540902754145	89	祝你天天快樂	10	太陽監視者
戴摩爾克03	火鳳凰啊	72	1468059146471	90	祝你天天快樂	10	太陽監視者
戴摩爾克03	奶媽最大	71	1280835852561	91	祝你天天快樂	10	太陽監視者
戴摩爾克03	大華府	71	1277022483262	92	祝你天天快樂	10	太陽監視者
戴摩爾克03	審計部	71	1270487197709	93	祝你天天快樂	10	太陽監視者
戴摩爾克03	第一次愛我	71	1229293132245	94	祝你天天快樂	10	太陽監視者
戴摩爾克03	風華絕代哦	71	1198479572133	95	祝你天天快樂	10	太陽監視者
戴摩爾克03	開花結果	71	1196525804154	96	祝你天天快樂	9	太陽監視者
戴摩爾克03	會同地方	71	1195856687244	97	祝你天天快樂	10	太陽監視者
戴摩爾克03	別動我喜歡你	71	1164997810324	98	祝你天天快樂	10	深淵放逐者
戴摩爾克03	差點的愛情	71	1140641830414	99	祝你天天快樂	9	深淵放逐者
戴摩爾克03	第三類	71	1118253872833	100	祝你天天快樂	10	深淵放逐者
戴摩爾克04	幽靈船長瓊斯	86	496085159001362	1	鬼盜船	22	太陽監視者
戴摩爾克04	神偷爸爸	83	156493515603771	2	濕與遠方	20	太陽監視者
戴摩爾克04	前方貓能	83	156351370860623	3	鬼盜船	19	深淵放逐者
戴摩爾克04	超級無敵可愛小西咪	83	118383770226201	4	濕與遠方	18	太陽監視者
戴摩爾克04	燦爛太陽石	83	108386114525817	5	濕與遠方	19	執行官
戴摩爾克04	火火最後希望	82	92688501918173	6	中立小盟	19	香射手
戴摩爾克04	我為逝者哀哭	82	90685043211249	7	鬼盜船	18	太陽監視者
戴摩爾克04	君子不器	81	65261976192320	8	濕與遠方	18	執行官
戴摩爾克04	小喵	81	58313349909408	9	jfgbtu	18	執行官
戴摩爾克04	富林太空站	81	54636248020049	10		18	太陽監視者
戴摩爾克04	麻辣貓耳麵	81	51377642360800	11	濕與遠方	17	執行官
戴摩爾克04	三天三夜	81	51070044520670	12		17	太陽監視者
戴摩爾克04	桌子下有人	81	46832733698888	13	濕與遠方	16	執行官
戴摩爾克04	米米克	81	43937949245950	14	鬼盜船	18	咒文刻印使
戴摩爾克04	許光漢	80	42218093395103	15		18	執行官
戴摩爾克04	吸出你的精華	80	42086393752650	16	中立小盟	16	咒文刻印使
戴摩爾克04	白鷺鷥	80	40833011746126	17		17	執行官
戴摩爾克04	曬個月亮	80	38618022427176	18	凌霄軍隊	17	執行官
戴摩爾克04	螺絲廠	80	37694801089345	19	濕與遠方	16	幻影劍士
戴摩爾克04	ddstt	80	34261978757779	20	dsd	16	咒文刻印使
戴摩爾克04	白輕雪	80	29303158715549	21		16	太陽監視者
戴摩爾克04	涼玖OuO	79	26071398164041	22		16	咒文刻印使
戴摩爾克04	又見一夜襲	79	24880658682069	23	濕與遠方	16	香射手
戴摩爾克04	哈德利	79	23990356131611	24		16	太陽監視者
戴摩爾克04	娘娘	79	23980191015880	25	jfgbtu	15	幻影劍士
戴摩爾克04	迷途的瑞拉	79	23699023446415	26	濕與遠方	16	執行官
戴摩爾克04	熊本真希	79	22901659192385	27		15	太陽監視者
戴摩爾克04	韭嫵弍栖	79	22519956025442	28	濕與遠方	16	幻影劍士
戴摩爾克04	獨自TT	79	21862896302882	29	濕與遠方	15	太陽監視者
戴摩爾克04	依然	79	21843750604359	30	濕與遠方	15	咒文刻印使
戴摩爾克04	肥美老雞包	79	21716971657536	31	遙遠的夢想	16	幻影劍士
戴摩爾克04	我獨自尻噏	79	19791603999187	32		15	太陽監視者
戴摩爾克04	守護者八加九	78	16425627487361	33	鬼盜船	16	執行官
戴摩爾克04	金色	78	16259744888021	34		16	幻影劍士
戴摩爾克04	艾涅爾	78	15932224856301	35		15	執行官
戴摩爾克04	瓦寶寶	78	15800141267679	36	大藍貓	15	幻影劍士
戴摩爾克04	瞬光鈴芽	78	15482658887913	37		16	咒文刻印使
戴摩爾克04	少女	78	14723726869841	38	jfgbtu	15	幻影劍士
戴摩爾克04	特洛伊	78	14355830012624	39		16	太陽監視者
戴摩爾克04	風向鈴蘭	78	12932684218861	40	醉楓染	16	香射手
戴摩爾克04	煎餅狗子	78	12562790078071	41	濕與遠方	15	香射手
戴摩爾克04	阿瑞斯	78	12436166069164	42	濕與遠方	15	香射手
戴摩爾克04	土匪大王	77	11888760299469	43		14	執行官
戴摩爾克04	話題	77	11431944714458	44	春滿盛	14	香射手
戴摩爾克04	愛不在	77	11417959370141	45	春滿盛	14	香射手
戴摩爾克04	心如止水	77	11247750786884	46	春滿盛	14	香射手
戴摩爾克04	羅傑房裡的女人蔡英文	77	11242478259898	47		14	太陽監視者
戴摩爾克04	太多太多的抱歉	77	11231442884720	48	春滿盛	14	香射手
戴摩爾克04	告白氣球	77	11220822221979	49	春滿盛	14	香射手
戴摩爾克04	信徒	77	11108310672585	50	春滿盛	14	香射手
戴摩爾克04	我知道	77	11075553312954	51	春滿盛	14	香射手
戴摩爾克04	我沒對她說	77	11006822342166	52	春滿盛	14	香射手
戴摩爾克04	CROSS	77	10922710314072	53	濕與遠方	15	深淵放逐者
戴摩爾克04	映像電話蟲	77	10906148563761	54		13	香射手
戴摩爾克04	hjftyhdf	77	10880919961718	55	jfgbtu	15	幻影劍士
戴摩爾克04	hfhbip	77	10551423192010	56	jfgbtu	15	幻影劍士
戴摩爾克04	羅斯福十號	77	10302340559679	57	鬼盜船	15	咒文刻印使
戴摩爾克04	jghjyftgu	77	10298746755431	58	jfgbtu	14	香射手
戴摩爾克04	幕後黑手	77	9390750304804	59	幕後黑手	15	咒文刻印使
戴摩爾克04	ghdthyty	77	8830115421104	60	jfgbtu	13	幻影劍士
戴摩爾克04	老祖宗保佑我	77	8789582635649	61	安妮女王復仇號	12	咒文刻印使
戴摩爾克04	Dayb	77	8710017285714	62		15	咒文刻印使
戴摩爾克04	黑色	77	8563655146250	63		14	太陽監視者
戴摩爾克04	東踏取	76	8081203647348	64		15	執行官
戴摩爾克04	豬神未食飽	76	7986306532778	65	鬼盜船	16	執行官
戴摩爾克04	大摳呆	76	7552404078028	66	1722	12	太陽監視者
戴摩爾克04	銀星玥	76	6899589802366	67	温野菜	14	執行官
戴摩爾克04	沒電的艾尼路	76	6500452005260	68		13	咒文刻印使
戴摩爾克04	kjrh	76	6477294204650	69	jfgbtu	14	咒文刻印使
戴摩爾克04	酒酒	76	6454595065216	70	酒酒	15	執行官
戴摩爾克04	嘰嘰嘰嘰嘰嘰嘰	76	6023262813153	71	urgf	13	太陽監視者
戴摩爾克04	jfgggg	76	5993830641538	72	jfgbtu	12	執行官
戴摩爾克04	哎呦喂呀	76	5991427828222	73	濕與遠方	14	香射手
戴摩爾克04	茉莉兒	76	5905949543899	74		15	咒文刻印使
戴摩爾克04	搬磚哥	75	5594654835596	75	濕與遠方	15	執行官
戴摩爾克04	羅天大教	75	5279157115576	76	春滿盛	14	執行官
戴摩爾克04	速懶趴	75	5128376145642	77		13	香射手
戴摩爾克04	二哈	75	5064127580928	78	大藍貓	12	執行官
戴摩爾克04	守護者加九妹	75	4900800493572	79	鬼盜船	15	香射手
戴摩爾克04	守護者阿志	75	4887661710351	80	鬼盜船	15	香射手
戴摩爾克04	Aiueoaiueo	75	4780421479259	81		15	咒文刻印使
戴摩爾克04	雜貨店老闆	75	4492237854027	82	波拉雜貨店	14	太陽監視者
戴摩爾克04	春滿盛	75	4437985692903	83	春滿盛	11	香射手
戴摩爾克04	豆花妹	75	4283273328590	84	中立小盟	14	咒文刻印使
戴摩爾克04	晴時多雲	75	4278906590256	85	濕與遠方	13	咒文刻印使
戴摩爾克04	jgyugg	74	4188838203649	86	jfgbtu	11	咒文刻印使
戴摩爾克04	孤娥	74	3836643731503	87	鬼盜船	12	咒文刻印使
戴摩爾克04	懈怠TUG	74	3658430864678	88	ADAD	13	執行官
戴摩爾克04	白石麻衣	74	3504886435966	89	鬼盜船	13	幻影劍士
戴摩爾克04	jggydyu	74	3448347329843	90	jfgbtu	11	深淵放逐者
戴摩爾克04	多汁老雞包	74	3349522159985	91		12	幻影劍士
戴摩爾克04	艾艾莎	74	3294752185344	92	小藍貓	10	咒文刻印使
戴摩爾克04	hfturrf	74	3291781401562	93	jfgbtu	10	咒文刻印使
戴摩爾克04	榮耀執行官	73	3158748107634	94	休閑	12	執行官
戴摩爾克04	星象儀	73	3076832303902	95	酒酒	13	深淵放逐者
戴摩爾克04	AQUAMARINE	73	3066021939771	96	ADAD	13	幻影劍士
戴摩爾克04	蒂亞Tia	73	2787400019159	97	ADAD	13	深淵放逐者
戴摩爾克04	一起再看流星雨	73	2618890897374	98	ADAD	12	太陽監視者
戴摩爾克04	大輝哥	73	2470898202050	99	春滿盛	13	太陽監視者
戴摩爾克04	肌肉小鮮肉	72	2322619153037	100	濕與遠方	12	執行官
亞羅格05	巴神太二	84	177852347867190	1	天晴	20	香射手
亞羅格05	霧隱雷藏	83	117717366956784	2		19	太陽監視者
亞羅格05	一笑就漏風	83	102117634967872	3	天晴	18	咒文刻印使
亞羅格05	哈幾米	80	35596147156623	4	影幽閣	17	幻影劍士
亞羅格05	冷傲	80	28744111201910	5		17	幻影劍士
亞羅格05	箱箱射手	80	28349448583837	6		15	香射手
亞羅格05	賴咪	79	25129417801791	7	流浪所	15	咒文刻印使
亞羅格05	縱與橫	79	22789956886621	8	北境	16	深淵放逐者
亞羅格05	玖肆妳	79	20443888119027	9	北境	15	太陽監視者
亞羅格05	鷹鯨再戰鮑	78	17339111011932	10	莖菇入吟穴	15	香射手
亞羅格05	瘋狂星期四	78	16624758658588	11	肯德基	16	深淵放逐者
亞羅格05	綿綿冰	78	14681032979152	12		15	幻影劍士
亞羅格05	頭疼	78	12906785650335	13	Super	17	深淵放逐者
亞羅格05	甩頭扭到腰	78	12586699205721	14		15	咒文刻印使
亞羅格05	瑋菈	77	9491679182066	15		15	幻影劍士
亞羅格05	熱血沸騰	77	8557666491298	16		12	咒文刻印使
亞羅格05	雙美	76	7402515359014	17	北境	12	太陽監視者
亞羅格05	甜芯	76	7104337580224	18		13	執行官
亞羅格05	巴神太三	76	6094451016206	19	天晴	12	香射手
亞羅格05	巴神太四	76	6037149261679	20	天晴	12	香射手
亞羅格05	巴神太五	75	5743513196962	21	天晴	11	香射手
亞羅格05	又見二手煙	75	5699680038113	22	天晴	11	咒文刻印使
亞羅格05	巴神太六	75	5202605932783	23	天晴	11	香射手
亞羅格05	ksky	75	4684515235891	24		14	深淵放逐者
亞羅格05	沙嗲牛肉麵	75	4635262612752	25		13	深淵放逐者
亞羅格05	北城	74	4245367156678	26	北境	13	香射手
亞羅格05	DeCayAngeL	74	3375503980863	27		14	幻影劍士
亞羅格05	夜貓	73	3238371949075	28	天晴	13	香射手
亞羅格05	熊大	73	3016957135109	29	流浪所	13	咒文刻印使
亞羅格05	蘿莉囉嗦	73	2782154549278	30	流浪所	13	香射手
亞羅格05	清風悠然	73	2743294565484	31		13	執行官
亞羅格05	歐歐番茄	73	2662451182654	32		12	幻影劍士
亞羅格05	東風	73	2480250136129	33	北境	11	執行官
亞羅格05	Hiker	72	2279945455373	34		14	幻影劍士
亞羅格05	心雨	72	1889967829390	35		12	咒文刻印使
亞羅格05	洗洗睡吧	72	1503339053806	36	北國風光	12	執行官
亞羅格05	滅蒼穹	71	1439791317687	37	巨立聯盟	10	香射手
亞羅格05	吉祥無敵	71	1388646501858	38	巨立聯盟	12	咒文刻印使
亞羅格05	鐘離	71	1274807005275	39	北境	11	香射手
亞羅格05	篩子	71	1198181783560	40	巨立聯盟	12	幻影劍士
亞羅格05	中士	71	1104503785046	41	北境	11	咒文刻印使
亞羅格05	波波士	71	1085755091430	42	北境	11	咒文刻印使
亞羅格05	離開	71	1055102416963	43	北境	11	香射手
亞羅格05	TrippyIDH	71	1046622798007	44		11	幻影劍士
亞羅格05	無極歐神	71	977509221018	45		11	幻影劍士
亞羅格05	姜子牙疼	70	868506981766	46	流浪所	10	執行官
亞羅格05	上古衝動幻獸種	70	810014415399	47		11	咒文刻印使
亞羅格05	Alice兒	70	809089876954	48		11	香射手
亞羅格05	社會耐	70	749617901878	49		11	執行官
亞羅格05	KenGor	70	690092531949	50		11	幻影劍士
亞羅格05	夜行墨殤	70	651431925234	51	影幽閣	12	執行官
亞羅格05	桃之	70	630085879012	52	北境	9	香射手
亞羅格05	Kan	70	622218640142	53	影森	11	咒文刻印使
亞羅格05	兵士	69	569541035480	54	北境	10	咒文刻印使
亞羅格05	小湯姆	69	565242994790	55		10	執行官
亞羅格05	陌路人	69	526254878334	56	北境	9	香射手
亞羅格05	焰軀	69	486950690690	57		10	深淵放逐者
亞羅格05	知了	69	474103809519	58	北境	10	香射手
亞羅格05	良才	69	416353295228	59	北境	11	香射手
亞羅格05	鄰家小妹	69	405080507185	60	流浪所	10	深淵放逐者
亞羅格05	將臣	69	387229754968	61	北境	9	香射手
亞羅格05	一頁書	68	358923689820	62		10	執行官
亞羅格05	仙達法斯	68	355278039093	63		11	香射手
亞羅格05	不好說	68	340048555349	64		11	香射手
亞羅格05	當鋪Y	68	336668933358	65		9	太陽監視者
亞羅格05	總督	68	293542527220	66	北境	6	香射手
亞羅格05	天命人	68	291084393484	67	北境	7	香射手
亞羅格05	小文	68	290693171982	68		11	咒文刻印使
亞羅格05	天罡	68	287179388093	69	北境	6	香射手
亞羅格05	碌碌無爲	68	286886446524	70	北境	6	香射手
亞羅格05	肥仔	68	280057505400	71	北境	6	香射手
亞羅格05	避水珠	68	275575549120	72	北境	6	香射手
亞羅格05	蒙恬	68	269859891488	73	北境	6	香射手
亞羅格05	鄒明	68	267865708192	74	北境	6	香射手
亞羅格05	凍未條	68	266177599536	75		10	咒文刻印使
亞羅格05	主公	68	265564820835	76	北境	6	香射手
亞羅格05	Aidenken	67	254257959070	77	BF	5	幻影劍士
亞羅格05	早點睡覺吧	67	251077660305	78		11	執行官
亞羅格05	天將	67	248530583744	79	北境	6	香射手
亞羅格05	阿爾卡特	67	238999860418	80		10	香射手
亞羅格05	中東風	67	219656290547	81	北境	7	執行官
亞羅格05	執行者	67	218390797305	82		10	咒文刻印使
亞羅格05	紅紅火火	67	217938951539	83		10	香射手
亞羅格05	馬蹄子	67	208896832984	84	北境	6	香射手
亞羅格05	無聊大叔	67	205409504237	85		10	執行官
亞羅格05	bfnvf	67	201180759443	86		1	香射手
亞羅格05	十二月	67	197668847158	87		8	太陽監視者
亞羅格05	sdfzx	66	183065801810	88	北境	14	深淵放逐者
亞羅格05	慨當以慷	66	181697330799	89		7	深淵放逐者
亞羅格05	悠悠我心	66	171947339994	90		7	深淵放逐者
亞羅格05	裁縫	66	171369760903	91	北境	6	香射手
亞羅格05	憂思難忘	66	169646171466	92		7	深淵放逐者
亞羅格05	龍牙	66	168263758145	93		9	深淵放逐者
亞羅格05	水果攤	66	166637866905	94		7	香射手
亞羅格05	所謂伊人	66	165804832146	95		7	深淵放逐者
亞羅格05	Wendellliu	66	163144752265	96		10	咒文刻印使
亞羅格05	戰鬼	66	160877196749	97		7	太陽監視者
亞羅格05	去日苦多	66	154857161093	98		7	深淵放逐者
亞羅格05	波戰	66	145137451649	99		9	深淵放逐者
亞羅格05	神射手	66	144989732498	100		10	香射手
萊涅01	須佐能乎	90	2393381141603459	1	彼岸居	24	幻影劍士
萊涅01	一艾雲一	89	2277852847965546	2	東西方神魔酒宴	24	太陽監視者
萊涅01	一少洋一	89	2101193865519560	3	東西方神魔酒宴	24	執行官
萊涅01	一卍一	89	1871161460304495	4	東西方神魔酒宴	24	咒文刻印使
萊涅01	金槍拿鐵	89	1618918626984350	5	東西方神魔酒宴	23	執行官
萊涅01	GeminiX	88	1438692451216614	6	彼岸居	22	執行官
萊涅01	一阿硬一	88	1353865361114166	7	東西方神魔酒宴	24	深淵放逐者
萊涅01	行止	88	1198111272351661	8	彼岸居	23	執行官
萊涅01	黑無常	88	1176751584473645	9	彼岸居	24	太陽監視者
萊涅01	漂泊該隱者	88	1006601457924913	10	彼岸居	23	幻影劍士
萊涅01	一闇夜一	88	971711696809759	11	東西方神魔酒宴	23	咒文刻印使
萊涅01	一地表女魔頭一	87	938888519104041	12	東西方神魔酒宴	24	香射手
萊涅01	小可	87	900474888479038	13	彼岸居	23	咒文刻印使
萊涅01	櫻木花道	87	881963392261245	14	炸天幫	22	執行官
萊涅01	阿瑞斯	87	881916477585510	15	彼岸居	23	執行官
萊涅01	夜幽	87	859086626838310	16	彼岸居	21	咒文刻印使
萊涅01	酒吞童子	87	813043202456300	17	彼岸居	21	香射手
萊涅01	路西法	87	760384829189443	18	彼岸居	23	香射手
萊涅01	晴天娃娃	87	615405051125470	19	彼岸居	22	執行官
萊涅01	一暗夜總監一	86	584559727702379	20	東西方神魔酒宴	22	太陽監視者
萊涅01	夜叉	86	572489747984476	21	彼岸居	23	深淵放逐者
萊涅01	一鎌鼬一	86	496290673157355	22	東西方神魔酒宴	22	深淵放逐者
萊涅01	一AY一	86	481818622675965	23	東西方神魔酒宴	21	太陽監視者
萊涅01	一酒吞童子一	86	456334224478589	24	東西方神魔酒宴	21	幻影劍士
萊涅01	雙頭龍	86	444387554455196	25	彼岸居	21	執行官
萊涅01	驕傲	86	422331146890429	26	彼岸居	21	香射手
萊涅01	一夜叉一	86	399476139384479	27	東西方神魔酒宴	22	太陽監視者
萊涅01	小福妮	85	386324471819948	28	炸天幫	21	咒文刻印使
萊涅01	夏天o	85	384078505458740	29	彼岸居	21	咒文刻印使
萊涅01	一樂基兒一	85	377617482363578	30	東西方神魔酒宴	21	太陽監視者
萊涅01	東巴	85	350851951157280	31	彼岸居	21	執行官
萊涅01	一地表女鬼橋一	85	350199625357553	32	東西方神魔酒宴	22	香射手
萊涅01	一茨木一	85	342047529979448	33	東西方神魔酒宴	22	太陽監視者
萊涅01	斯比	85	305184196221882	34	彼岸居	20	幻影劍士
萊涅01	迦具土	85	293067338117261	35	浮生夢蝶	20	太陽監視者
萊涅01	虎爺	85	283507373273634	36	彼岸居	21	香射手
萊涅01	巴卡爾	85	274245203576676	37	星雲閣	21	執行官
萊涅01	一嚕嚕一	85	272386869054742	38	偶然相逢的酒	22	咒文刻印使
萊涅01	一冰島歐人橘一	85	267696711901831	39	東西方神魔酒宴	21	香射手
萊涅01	伊凡爾修斯	85	264070900092088	40	東西方神魔酒宴	21	香射手
萊涅01	古木邪影厄木	85	258613043743450	41	彼岸居	21	執行官
萊涅01	一我本天真一	85	253934821323375	42	東西方神魔酒宴	21	咒文刻印使
萊涅01	東嶽沐秋	85	251287245739894	43	彼岸居	22	深淵放逐者
萊涅01	金烏銜浪落遠岑	85	249001163505579	44	彼岸居	21	太陽監視者
萊涅01	阿土伯	84	246429117422031	45	彼岸居	20	咒文刻印使
萊涅01	喀戎	84	236862389059158	46	彼岸居	20	香射手
萊涅01	一獨臂驅魔師一	84	229834601086071	47	東西方神魔酒宴	20	執行官
萊涅01	克洛諾斯	84	226301293891794	48	彼岸居	21	深淵放逐者
萊涅01	一摩納哥哥一	84	224804801084760	49	東西方神魔酒宴	22	幻影劍士
萊涅01	梅肚鯊	84	218614857664724	50	彼岸居	20	太陽監視者
萊涅01	米珈勒	84	216656269350392	51	彼岸居	21	幻影劍士
萊涅01	一化狸一	84	209135470081938	52	東西方神魔酒宴	21	咒文刻印使
萊涅01	阿波羅	84	206361532211869	53	浮生夢蝶	21	執行官
萊涅01	哈氣貓	84	203407545921162	54		20	咒文刻印使
萊涅01	草薙	84	203152612520459	55	彼岸居	21	執行官
萊涅01	一友子一	84	197360001423262	56	東西方神魔酒宴	19	香射手
萊涅01	一小苦呱一	84	195835657306198	57	東西方神魔酒宴	20	執行官
萊涅01	一目連	84	183312283828286	58	彼岸居	19	執行官
萊涅01	維達爾	84	175025776619368	59	彼岸居	21	執行官
萊涅01	卡樂喵	84	168697339565042	60		20	香射手
萊涅01	梅藻前	84	164685828020767	61	彼岸居	20	咒文刻印使
萊涅01	丑九天玄女丑	84	163883274896662	62	彼岸居	20	幻影劍士
萊涅01	白澤	84	159378684374626	63	彼岸居	20	咒文刻印使
萊涅01	一YU一	83	158765379321551	64	偶然相逢的酒	20	咒文刻印使
萊涅01	一老蕭一	83	158641719522484	65	東西方神魔酒宴	20	太陽監視者
萊涅01	江箘柒	83	154118172869413	66	天界	20	香射手
萊涅01	一晴晴一	83	152148551325234	67	東西方神魔酒宴	19	咒文刻印使
萊涅01	無法顯示ID	83	146872349550995	68		19	幻影劍士
萊涅01	一福福每肝拎一	83	146358006443667	69	東西方神魔酒宴	19	咒文刻印使
萊涅01	烏列爾	83	141897684850931	70	彼岸居	20	咒文刻印使
萊涅01	鴉天狗	83	139367871443356	71	彼岸居	21	香射手
萊涅01	輕舞薇薇	83	137052830123150	72		19	咒文刻印使
萊涅01	一小柏一	83	136778065575510	73	東西方神魔酒宴	19	香射手
萊涅01	一笙歌嘆離愁一	83	136761494032708	74	偶然相逢的酒	18	香射手
萊涅01	希露比亞拉	83	131276525446769	75	彼岸居	20	香射手
萊涅01	月下奶鬼	83	127983606536023	76	浮生夢蝶	20	咒文刻印使
萊涅01	一波波vivi一	83	127981374103445	77	東西方神魔酒宴	20	執行官
萊涅01	夜音之風	83	121911343322659	78	浮生夢蝶	18	執行官
萊涅01	凱特格嵐	83	117334825229125	79	偶然相逢的酒	18	深淵放逐者
萊涅01	猁你妹	83	115705876115699	80		20	深淵放逐者
萊涅01	一黑夜一	83	115002705738847	81	偶然相逢的酒	19	深淵放逐者
萊涅01	一娜美小妹一	83	110844556220078	82	東西方神魔酒宴	19	香射手
萊涅01	南無戰鬥陀螺	83	110555572343316	83	彼岸居	19	執行官
萊涅01	九鳳	83	109879343486151	84	彼岸居	20	香射手
萊涅01	一鬼梅開守夜人一	83	107391972415514	85	東西方神魔酒宴	19	咒文刻印使
萊涅01	板豆腐	83	104342891844361	86	浮生夢蝶	18	咒文刻印使
萊涅01	一奶貓一	83	102304927841244	87	偶然相逢的酒	18	咒文刻印使
萊涅01	一糖葫蘆一	82	101570920756935	88	東西方神魔酒宴	19	執行官
萊涅01	一賴祥德我絕不屈服一	82	97676538653669	89	偶然相逢的酒	18	幻影劍士
萊涅01	LaXtabay森	82	95032622309368	90	浮生夢蝶	19	香射手
萊涅01	花醉四千客	82	91624516514776	91	凌霄閣	19	太陽監視者
萊涅01	鬼金羊	82	91452413072046	92	彼岸居	20	咒文刻印使
萊涅01	小比寶寶	82	90149210435655	93		20	幻影劍士
萊涅01	七夜怪談	82	89624239409696	94	彼岸居	20	咒文刻印使
萊涅01	一YAN一	82	87655145964412	95	偶然相逢的酒	18	香射手
萊涅01	梅賽德寺	82	83474449510991	96	浮生夢蝶	17	太陽監視者
萊涅01	修普諾斯	82	82596254297540	97	彼岸居	19	執行官
萊涅01	豬爺爺在此	82	79739919024472	98	彼岸居	19	咒文刻印使
萊涅01	毗濕奴	82	79675235005681	99	浮生夢蝶	18	咒文刻印使
萊涅01	弗蕾亞	82	78843038037070	100	彼岸居	19	深淵放逐者
萊涅02	Brandy	82	80498848479077	1	來都來了	19	香射手
萊涅02	君子不器	81	61709694397144	2	來都來了	18	執行官
萊涅02	靈感菇	80	37376138766798	3	來都來了	16	咒文刻印使
萊涅02	未覺醒的龍	79	23526663215323	4		17	執行官
萊涅02	ggyywxyz	79	19788005143342	5		15	咒文刻印使
萊涅02	所謂依然	79	18878830799736	6	來都來了	15	咒文刻印使
萊涅02	大肉餅	78	17176144786296	7		15	執行官
萊涅02	IceTea	78	16541263773537	8		15	咒文刻印使
萊涅02	少年阿慶	78	13812200733244	9		15	執行官
萊涅02	蔚藍	78	12453808282476	10		16	執行官
萊涅02	孤星	77	10335123505559	11	小少婦	15	幻影劍士
萊涅02	玫瑰膿加菌	77	10225314596642	12		15	幻影劍士
萊涅02	情場燒烤叉	77	10098295806445	13		15	幻影劍士
萊涅02	小美人	77	9886501697368	14	小少婦	15	幻影劍士
萊涅02	少婦尋找一夜情	77	9588531136517	15	小少婦	14	香射手
萊涅02	西琅谷桃	77	9341585127050	16		16	太陽監視者
萊涅02	愛不在	77	9252488193573	17	蒼鷹	14	香射手
萊涅02	信徒	77	9151541077619	18	蒼鷹	14	香射手
萊涅02	心如止水	77	9149087894862	19	蒼鷹	14	香射手
萊涅02	我知道	77	9144025322723	20	蒼鷹	14	香射手
萊涅02	告白氣球	77	9105552126369	21	蒼鷹	14	香射手
萊涅02	太多太多的抱歉	77	9099344929360	22	蒼鷹	14	香射手
萊涅02	分手後不要做朋友	77	9007123758143	23	蒼鷹	14	香射手
萊涅02	體面	77	8998025287698	24	蒼鷹	14	香射手
萊涅02	瘋子	77	8257357418357	25	小少婦	13	幻影劍士
萊涅02	奶騷	76	6584219048516	26		14	咒文刻印使
萊涅02	給你個嘴巴子	76	5974099967615	27	小少婦	14	咒文刻印使
萊涅02	賽爾卡林	75	5528207021731	28	小少婦	12	執行官
萊涅02	花開富貴	75	5337415138332	29	cctv	13	太陽監視者
萊涅02	小va	75	5128376145642	30		13	香射手
萊涅02	SSDP	75	4605680846358	31	蒼鷹	14	執行官
萊涅02	哎呀唷喂	75	4397176249088	32	來都來了	13	香射手
萊涅02	豆花妹	74	4219845115824	33		14	咒文刻印使
萊涅02	白蘭地	74	4219694557072	34		14	太陽監視者
萊涅02	酒酒	74	4216628322168	35	烏合之眾	14	執行官
萊涅02	盛夏	74	3834979446020	36	蒼鷹	11	香射手
萊涅02	小荔枝	74	3772296326892	37	小少婦	11	咒文刻印使
萊涅02	巴黎在逃聖母	74	3335341621672	38		13	太陽監視者
萊涅02	良人	73	3175281368888	39	小少婦	11	深淵放逐者
萊涅02	夫妻肺片	73	3011243932562	40		14	幻影劍士
萊涅02	張信哲	73	2958491344835	41	小少婦	10	咒文刻印使
萊涅02	星象儀	73	2591359227568	42	烏合之眾	13	深淵放逐者
萊涅02	轉角遇到愛	72	2301864463337	43	小少婦	12	幻影劍士
萊涅02	殞夜	72	2246045704556	44		12	太陽監視者
萊涅02	AKA馮迪索	72	2182748892548	45	來都來了	12	執行官
萊涅02	咩悠悠	72	2071138766022	46		12	香射手
萊涅02	天下第一奶	72	1906332564906	47	蒼鷹	13	太陽監視者
萊涅02	打個折	72	1714478540243	48	黑暗星雲	13	幻影劍士
萊涅02	SSDW	72	1646756177191	49	蒼鷹	10	幻影劍士
萊涅02	脆弱的彭于晏	72	1600076288046	50		13	執行官
萊涅02	SailorV	72	1460911651647	51		13	咒文刻印使
萊涅02	鑫爺	71	1406446641405	52	烏合之眾	11	咒文刻印使
萊涅02	ssdy	71	1400485921535	53	蒼鷹	10	香射手
萊涅02	舔龜慶崽	71	1394316745414	54		12	幻影劍士
萊涅02	ssdt	71	1309208252405	55	蒼鷹	10	香射手
萊涅02	烏鴉	71	1307550335540	56	烏合之眾	11	幻影劍士
萊涅02	長濱蜜梨	71	1296239009370	57	烏合之眾	13	香射手
萊涅02	小雞小蛙	71	1263953824326	58	焰水一風閣	11	香射手
萊涅02	笑一笑	71	1248617374192	59	小少婦	10	太陽監視者
萊涅02	阿阿阿文	71	1236096791156	60		12	幻影劍士
萊涅02	秦承琬	71	1123858188527	61	春風如酒	13	咒文刻印使
萊涅02	SSDR	71	963608552633	62	蒼鷹	10	咒文刻印使
萊涅02	十分嬡	71	951583327415	63	卡美洛	12	執行官
萊涅02	雨瀑	71	951275920409	64	卡美洛	12	香射手
萊涅02	睡到自然醒	71	945580827234	65		12	咒文刻印使
萊涅02	棒棒四	71	940449329226	66	蒼鷹	10	深淵放逐者
萊涅02	吳小元	70	869931611655	67	xiaojie098	12	幻影劍士
萊涅02	卡西亞	70	861226144123	68	卡美洛	12	幻影劍士
萊涅02	愛麗絲	70	845371247100	69	錫安營	12	太陽監視者
萊涅02	瘋狂輸出	70	827032164424	70	農夫的日常	11	幻影劍士
萊涅02	幸運福寶加持owo	70	803664363291	71		11	深淵放逐者
萊涅02	法洛	70	802697157760	72	卡美洛	11	深淵放逐者
萊涅02	MOS金樽空對月	70	767151329679	73		12	執行官
萊涅02	去洗碗	70	766144606823	74	冷梅痣器	12	咒文刻印使
萊涅02	醉東坡	70	721369382380	75	卡美洛	11	太陽監視者
萊涅02	楊果里恩	70	686338223530	76	逆戰	10	咒文刻印使
萊涅02	風玥	70	642283829485	77	卡美洛	11	咒文刻印使
萊涅02	DEKU	70	621301515599	78		12	執行官
萊涅02	香腸伯	70	611003872095	79		10	香射手
萊涅02	暗夜風雲	70	589723193504	80		10	幻影劍士
萊涅02	櫻京塚大	69	506678726697	81		11	執行官
萊涅02	萌萌喵	69	500033487249	82		10	咒文刻印使
萊涅02	AM	69	492884885339	83	春風如酒	15	幻影劍士
萊涅02	不嘻嘻	69	465436848273	84		11	香射手
萊涅02	city	69	412425317072	85		8	香射手
萊涅02	吹雪	69	398692697692	86	蒼鷹	10	執行官
萊涅02	草莓熊抱抱	69	396713914894	87		10	咒文刻印使
萊涅02	槌槌	69	381945446493	88	蒼鷹	10	執行官
萊涅02	malie	68	376103502587	89		9	咒文刻印使
萊涅02	mali	68	353403419861	90		9	咒文刻印使
萊涅02	大逼姐	68	342512695478	91	蒼鷹	11	深淵放逐者
萊涅02	凌繷	68	338827643478	92	蒼鷹	9	執行官
萊涅02	安羽菲	68	293387308389	93	卡美洛	10	深淵放逐者
萊涅02	熬夜小林	68	280842769752	94	叫爸爸	10	太陽監視者
萊涅02	DZ	68	276186264813	95	春風如酒	15	幻影劍士
萊涅02	夜魔俠	68	265247858035	96	烏合之眾	10	太陽監視者
萊涅02	超會睡美人	67	251935489165	97		10	太陽監視者
萊涅02	AK	67	247315670216	98	春風如酒	15	幻影劍士
萊涅02	DW	67	244465569215	99	春風如酒	15	幻影劍士
萊涅02	諾藍	67	232837633427	100	錫安營	11	深淵放逐者
萊涅03	神棄者	89	1889048810831818	1	神	24	深淵放逐者
萊涅03	謙謙	88	1406721536995639	2	神	24	咒文刻印使
萊涅03	威而鋼	88	1381265425236677	3	神	24	執行官
萊涅03	犀利士	88	1151416565798709	4	神	24	執行官
萊涅03	菜瓜布一瑋	87	783795086516360	5		21	幻影劍士
萊涅03	飛雪映紅	87	762632910829046	6	神	23	太陽監視者
萊涅03	嗄嗄羊	87	703515475661385	7	神	22	執行官
萊涅03	七星連珠	87	685803851709712	8	神	23	香射手
萊涅03	樂威壯	87	662483049983796	9	神	22	太陽監視者
萊涅03	背影依舊那麽帥	87	653822940267541	10	小不点	22	幻影劍士
萊涅03	Myth	87	653382032588488	11	神	24	執行官
萊涅03	夜幕降臨	86	557466978818332	12	神	23	深淵放逐者
萊涅03	沒關C	86	493529322697837	13	神	21	幻影劍士
萊涅03	竟教七八九子十分大膽	86	433260225991167	14	神	21	咒文刻印使
萊涅03	卡豬㦄蔴	85	362531904091557	15	神	22	咒文刻印使
萊涅03	萬紫阡紅君莫艾	85	328180113991389	16	神	21	太陽監視者
萊涅03	麻実	85	317012582827490	17	伊朗卡娃	21	太陽監視者
萊涅03	勒了個豆	85	270175843596525	18	小不点	21	幻影劍士
萊涅03	賽倍達	84	240094050825239	19	鬼哭	20	執行官
萊涅03	波拉西亞快倒閉	84	220033523276546	20	神	20	深淵放逐者
萊涅03	霜雪雲霄	84	218594410151281	21	神	21	幻影劍士
萊涅03	波斯牛軋糖	84	208787003454539	22		21	太陽監視者
萊涅03	Crazy	84	205276686493085	23	神	21	幻影劍士
萊涅03	魔斯林	84	202594078642205	24	鬼哭	20	咒文刻印使
萊涅03	馬克白蘭地	84	199884674335484	25	神	20	咒文刻印使
萊涅03	充氣娃娃	84	192585005677190	26	神	21	幻影劍士
萊涅03	一次三千潮吹十次	84	179023837091212	27	神	20	幻影劍士
萊涅03	喜歡扶奶奶過馬路	84	168568004695637	28	小不点	19	咒文刻印使
萊涅03	不三不四的損友	84	168320616116184	29	神	21	幻影劍士
萊涅03	酷味很濃	84	166254618909606	30	小不点	19	執行官
萊涅03	哈米尼	84	165617208019238	31	伊朗卡娃	20	深淵放逐者
萊涅03	Gazi	84	163271578792319	32	鬼哭	20	咒文刻印使
萊涅03	暮雪晨風	84	162892742361575	33	神	21	太陽監視者
萊涅03	剛那賽	84	159715493230417	34	神	20	執行官
萊涅03	運氣遊戲	83	156405829314245	35	神	20	香射手
萊涅03	看海老人	83	155926037331958	36	伊朗卡娃	19	幻影劍士
萊涅03	大雄愛回家	83	149580036272879	37	鬼哭	21	幻影劍士
萊涅03	法號海棠	83	147434196161347	38	小不点	19	執行官
萊涅03	盡情享受	83	146161164936114	39	前邊的陌生人	19	執行官
萊涅03	法號迪王	83	144743421453381	40	小不点	20	幻影劍士
萊涅03	阿里不達	83	142620784187341	41	鬼哭	19	執行官
萊涅03	拉鍊夾到皮小指踢到櫃	83	140787696623139	42	鬼哭	19	幻影劍士
萊涅03	歐陽鋒	83	139548007062454	43	祝你天天快樂	19	幻影劍士
萊涅03	淡淡的憂傷	83	134907957978123	44	祝你天天快樂	20	深淵放逐者
萊涅03	水箭龜	83	130401202032071	45	星月天空	19	咒文刻印使
萊涅03	紅豆	83	129032212711629	46	神	20	咒文刻印使
萊涅03	想和你看五月的晚霞	83	128424864098969	47	神	21	香射手
萊涅03	躺平人士	83	125607927069043	48	鬼哭	19	香射手
萊涅03	熬夜冠軍	83	122682278661098	49	小不点	19	幻影劍士
萊涅03	小花	83	117532848972878	50	伊朗卡娃	19	幻影劍士
萊涅03	法號歡喜	83	117505608885392	51	小不点	19	執行官
萊涅03	依玖	83	116993750286190	52	神	18	深淵放逐者
萊涅03	冬雪藏心	83	113638751632186	53	神	20	深淵放逐者
萊涅03	WhyMe娃娃	83	112843623185887	54	神	20	執行官
萊涅03	Evan	82	98416859566205	55	神	19	咒文刻印使
萊涅03	千本櫻	82	94649732337492	56	鬼哭	18	太陽監視者
萊涅03	麻糬貓	82	91583546346039	57	神	19	咒文刻印使
萊涅03	小D	82	89344273800853	58	星月天空	19	幻影劍士
萊涅03	法號萊萊	82	86794737563299	59	小不点	19	太陽監視者
萊涅03	一身是法	82	82725193180178	60	大展鴻圖	18	咒文刻印使
萊涅03	偷偷	82	81322612939507	61	星月天空	17	咒文刻印使
萊涅03	一切都是浮雲	82	81055245777341	62	鬼哭	18	幻影劍士
萊涅03	心中有佛怕你六七	82	79297062844140	63	神	19	太陽監視者
萊涅03	高希櫻娜	82	78728701549527	64		18	香射手
萊涅03	雲遊僧人	82	76772612728165	65		18	執行官
萊涅03	賣飛彈的娃娃	82	75639124004693	66	伊朗卡娃	19	香射手
萊涅03	招財貓	82	75545907991502	67	伊朗卡娃	18	咒文刻印使
萊涅03	人生路很常	82	70479654543910	68	小不点	18	執行官
萊涅03	可麗露	82	68401870646114	69	鬼哭	18	太陽監視者
萊涅03	武雲	82	68331178300052	70	鬼哭	18	執行官
萊涅03	梅子可樂	82	67838473061559	71	前邊的陌生人	17	咒文刻印使
萊涅03	舞淺	82	67346858097726	72	伊朗卡娃	18	香射手
萊涅03	咋咋呼呼	81	65215696730474	73	前邊的陌生人	17	深淵放逐者
萊涅03	奶死你沒命賠	81	64891772376037	74		18	咒文刻印使
萊涅03	炒飯娃娃	81	61558397135501	75	鬼哭	18	香射手
萊涅03	呆虎	81	60450114847876	76	小不点	18	執行官
萊涅03	神話	81	58311655620579	77	伊朗卡娃	16	香射手
萊涅03	黑糖Q獸	81	57595964397066	78	鬼哭	18	咒文刻印使
萊涅03	深夜必須酒	81	56835237405236	79	鬼哭	17	香射手
萊涅03	小蛋糕	81	56152838372116	80	小不点	17	執行官
萊涅03	放下執念	81	55985346037491	81	前邊的陌生人	17	幻影劍士
萊涅03	搜嘎嵐	81	55983816095550	82	不正常人類研究中心	17	咒文刻印使
萊涅03	Leeseo	81	55464849664220	83	鬼哭	17	香射手
萊涅03	Biscuit	81	53984256227354	84	神	17	太陽監視者
萊涅03	露載浮生	81	53018251793395	85	鬼哭	17	深淵放逐者
萊涅03	梔子花	81	52279864067214	86	鬼哭	18	香射手
萊涅03	Rafayel	81	51949906554342	87		18	幻影劍士
萊涅03	TeamTaiwan	81	51735316335465	88	鬼哭	17	咒文刻印使
萊涅03	學會記憶	81	49585877268784	89	前邊的陌生人	17	香射手
萊涅03	黑QQ貓	81	49546684296841	90	鬼哭	17	幻影劍士
萊涅03	葡萄針好吃	81	48975504517623	91	神	18	咒文刻印使
萊涅03	百分百爆打檸檬果	81	45323961377087	92	鬼哭	17	咒文刻印使
萊涅03	中出達人	81	43171318961822	93	伊朗卡娃	18	執行官
萊涅03	Necessitas	81	42981850624005	94	神	17	咒文刻印使
萊涅03	彡梓梓彡	80	40996954682651	95		16	幻影劍士
萊涅03	被窩探險家	80	40634359853175	96	鬼哭	17	幻影劍士
萊涅03	愛我別說話	80	40073707057362	97	小不点	17	太陽監視者
萊涅03	李太白	80	40057878003659	98	神	17	執行官
萊涅03	變色龍	80	39792372019404	99	星月天空	16	深淵放逐者
萊涅03	晴時多雲	80	36919880106694	100	鬼哭	17	咒文刻印使
萊涅04	又見一炊煙	90	2619520283028005	1	白月如火	24	執行官
萊涅04	暴君水龍	89	2087116671161376	2	白月如火	24	太陽監視者
萊涅04	害羞的強尼	89	2070756937042150	3	白月如火	23	深淵放逐者
萊涅04	犭火	89	1996610717384592	4	白月如火	24	咒文刻印使
萊涅04	ZZZ	89	1926353739137601	5	白月如火	24	太陽監視者
萊涅04	AT小劍	89	1708274740381753	6	白月如火	23	幻影劍士
萊涅04	嘯日猋	89	1611852306527196	7	白月如火	24	太陽監視者
萊涅04	哆啦蛙哇	88	1479732567161566	8	白月如火	24	咒文刻印使
萊涅04	鬱金香沒妳浴巾香	88	1415116300775330	9	白月如火	23	太陽監視者
萊涅04	涼玖就是我	88	1261104296538368	10	白月如火	23	太陽監視者
萊涅04	月之龍	88	1241853058397661	11	白月如火	23	太陽監視者
萊涅04	狡猾的小子	88	1233779302932989	12	白月如火	24	太陽監視者
萊涅04	李技安抓鬼	88	1202955649640608	13	白月如火	24	執行官
萊涅04	無罪	88	1200708299100633	14	白月如火	23	太陽監視者
萊涅04	小乖真可愛	88	1177036314992481	15	白月如火	23	幻影劍士
萊涅04	財神爺的親兒子	88	1161423159436723	16	白月如火	23	太陽監視者
萊涅04	布偶貓	88	1161318411143994	17	白月如火	22	幻影劍士
萊涅04	余樂天	88	1102771994681112	18	白月如火	23	執行官
萊涅04	五三九	88	1098392928412983	19	白月如火	24	咒文刻印使
萊涅04	BBee	87	911154051957731	20	白月如火	23	幻影劍士
萊涅04	Olivia	87	870706163315649	21	白月如火	23	咒文刻印使
萊涅04	醬板麒麟	87	852114605266560	22	白月如火	21	幻影劍士
萊涅04	醬板令狗	87	829681455807575	23	白月如火	23	太陽監視者
萊涅04	浪情天涯	87	710723197820031	24	白月如火	22	執行官
萊涅04	一地表大亀頭一	87	678961840357254	25	白月如火	23	太陽監視者
萊涅04	涼玖	87	649703187316515	26	白月如火	24	咒文刻印使
萊涅04	魔羯座	86	525305863535445	27	白月如火	22	香射手
萊涅04	Oliver	86	489647431759394	28	白月如火	21	咒文刻印使
萊涅04	太陽之子	86	470559402790247	29	白月如火	21	太陽監視者
萊涅04	Rude	86	461180419814144	30	白月如火	23	香射手
萊涅04	中指姑娘	86	457211994708673	31	白月如火	23	香射手
萊涅04	WRQTQ	86	450902536951255	32	白月如火	23	深淵放逐者
萊涅04	哈拉	86	430305665490750	33	白月如火	20	執行官
萊涅04	OO弍	86	405871139664704	34	白月如火	22	執行官
萊涅04	亞圖姆	86	394401256072547	35	白月如火	21	咒文刻印使
萊涅04	飲酒醉	86	389561412509221	36	白月如火	21	執行官
萊涅04	OO弎	85	387906059679540	37	白月如火	22	太陽監視者
萊涅04	SSS天公仔	85	384308511561139	38	白月如火	21	香射手
萊涅04	醬板貓叉	85	337342116788595	39	白月如火	21	香射手
萊涅04	肥龍寶寶	85	330892482629248	40	烈火如月	21	執行官
萊涅04	一口二手吃三根	85	307870532086618	41	白月如火	21	香射手
萊涅04	大橘為重	85	291280695935400	42	白月如火	21	太陽監視者
萊涅04	悟空	85	290617926425536	43	白月如火	21	咒文刻印使
萊涅04	羊聚集	85	283030408157629	44	烈火如月	21	執行官
萊涅04	大展鴻圖招財貓	85	277764998620137	45	烈火如月	21	太陽監視者
萊涅04	paprika	85	273228812232095	46	烈火如月	23	香射手
萊涅04	激怒的棉懶骸骨勒布朗	85	268218871921654	47	烈火如月	21	執行官
萊涅04	貝吉塔	85	265964420220042	48	白月如火	21	執行官
萊涅04	藤原拓拓	85	259485302756746	49	白月如火	21	咒文刻印使
萊涅04	幽靈波利	84	247706746975927	50	烈火如月	20	深淵放逐者
萊涅04	跟牛魔王出來看上帝	84	219951894260937	51	烈火如月	20	執行官
萊涅04	長不大	84	218334457284755	52	白月如火	20	咒文刻印使
萊涅04	華丰	84	218333573704055	53	白月如火	20	幻影劍士
萊涅04	日月虹光撕夜幕	84	187325773391514	54	烈火如月	20	太陽監視者
萊涅04	融念冰	84	185549184944068	55	白月如火	20	咒文刻印使
萊涅04	屁寶愛玩沙	83	158111409000756	56	烈火如月	20	咒文刻印使
萊涅04	一劍蒼穹踏碎星河夢	83	155167085781329	57	烈火如月	19	執行官
萊涅04	新造的人	83	152209037524438	58	達朝	19	執行官
萊涅04	Sana	83	143462078814014	59	白月如火	20	咒文刻印使
萊涅04	BabeQ	83	142629225506125	60	烈火如月	20	咒文刻印使
萊涅04	腳滑的嫂子	83	140200925197486	61	詩與遠方	18	執行官
萊涅04	醬板吉	83	133357016376764	62	白月如火	20	執行官
萊涅04	我不是達哥女朋友	83	130205874371800	63	達朝	19	咒文刻印使
萊涅04	五官不正	83	128153245751216	64	烈火如月	20	幻影劍士
萊涅04	一小甜呱一	83	127206434542670	65	呱呱養老院	19	咒文刻印使
萊涅04	聽說財神到	83	124594714565262	66	烈火如月	19	執行官
萊涅04	靈刀西狼	83	122450633001936	67	烈火如月	19	香射手
萊涅04	餅乾盒	83	118692119480605	68	烈火如月	19	執行官
萊涅04	新木優子	83	117517802955336	69	詩與遠方	18	咒文刻印使
萊涅04	小威迪	83	110276643344645	70	烈火如月	21	香射手
萊涅04	淺若黧花落	83	109605991124531	71	白月如火	19	咒文刻印使
萊涅04	朗弗特	83	104861728205795	72	烈火如月	20	幻影劍士
萊涅04	a二三一四	82	99336053424715	73	烈火如月	20	咒文刻印使
萊涅04	兇猛的貓貓	82	98984642361061	74		20	太陽監視者
萊涅04	歐浠	82	98107046454552	75	詩與遠方	20	香射手
萊涅04	淡然	82	94984231034501	76	烈火如月	19	太陽監視者
萊涅04	青鸞	82	93590090475279	77	黑奴打工樂園	18	香射手
萊涅04	傲慢	82	92854140368088	78	烈火如月	19	咒文刻印使
萊涅04	邪少	82	91982896668389	79	烈火如月	19	香射手
萊涅04	再睡一夏	82	86270141290111	80	烈火如月	19	執行官
萊涅04	你現在想吃陳皮糖嗎	82	84549225693261	81	烈火如月	19	咒文刻印使
萊涅04	夜落	82	82851094146793	82	詩與遠方	18	香射手
萊涅04	古代妖精貨幣商人	82	81214056756865	83	詩與遠方	16	太陽監視者
萊涅04	超級樂子人	82	79677066084172	84	烈火如月	19	執行官
萊涅04	胖虎	82	78009391722768	85	烈火如月	19	咒文刻印使
萊涅04	咕咕叫	82	77783054304068	86	烈火如月	20	太陽監視者
萊涅04	趁年輕多熬夜	82	76783917178889	87	達朝	19	執行官
萊涅04	房東滴貓	82	75845541986373	88	詩與遠方	16	執行官
萊涅04	三觀不正	82	75543821348685	89	烈火如月	19	咒文刻印使
萊涅04	發光光	82	74086876569158	90	烈火如月	19	執行官
萊涅04	天巫	82	73741407488052	91	烈火如月	19	香射手
萊涅04	歡樂可頌麵包	82	72957451714760	92	多卡波王國	17	咒文刻印使
萊涅04	鹹魚乂躺平	82	71726264696019	93	烈火如月	20	執行官
萊涅04	課題分離	82	68921519208882	94	輕靈月影	17	咒文刻印使
萊涅04	鬼針草	82	68568224873367	95	烈火如月	20	深淵放逐者
萊涅04	微甜	82	67428523718430	96	詩與遠方	18	太陽監視者
萊涅04	風不語	82	66886838602179	97	烈火如月	18	咒文刻印使
萊涅04	一小地呱一	82	66411066943691	98	呱呱養老院	18	咒文刻印使
萊涅04	未成年少女	82	65677015749650	99	詩與遠方	17	咒文刻印使
萊涅04	OHCA	81	64320866624930	100	烈火如月	17	太陽監視者
萊涅05	黑玫瑰	85	316311085616071	1	千陽號	20	執行官
萊涅05	波特卡斯D艾斯	83	137157990364923	2	千陽號	19	咒文刻印使
萊涅05	西螺橙園的大水蛇	82	81561003267371	3	千陽號	17	深淵放逐者
萊涅05	薇薇公主	81	57065595573401	4	千陽號	16	咒文刻印使
萊涅05	蒼雪雲月	81	52021873009727	5	千陽號	16	咒文刻印使
萊涅05	日麗	81	50646030591341	6	千陽號	17	執行官
萊涅05	巴布狄亞	80	40825843525548	7		17	執行官
萊涅05	古咕顧	80	36168636974168	8	千陽號	16	太陽監視者
萊涅05	偷買炸雞	80	35504476455376	9		17	執行官
萊涅05	鬼哭狼嚎	80	34723950273780	10	從從容容	16	咒文刻印使
萊涅05	莿冷魊	80	31490059214678	11	千陽號	16	咒文刻印使
萊涅05	天月時	80	28932680018337	12	千陽號	15	咒文刻印使
萊涅05	凱爾文	79	24693307550150	13		17	深淵放逐者
萊涅05	Superman	79	24307063825375	14		17	太陽監視者
萊涅05	張麻子	79	21146545458899	15		16	咒文刻印使
萊涅05	方丈大師	79	21026735480527	16	炮仔聲	16	香射手
萊涅05	見朕騎姬	79	18925765815490	17	從從容容	16	幻影劍士
萊涅05	七分醉	79	18524864470317	18	從從容容	15	太陽監視者
萊涅05	煙雨楓	79	18284995562471	19	從從容容	15	太陽監視者
萊涅05	拉拉克拉拉	78	18053079250693	20	甜食堂	16	幻影劍士
萊涅05	八號技師	78	17842647148329	21		15	咒文刻印使
萊涅05	拉花人	78	17645513174429	22		16	執行官
萊涅05	歐啟摟	78	16172862304726	23	從從容容	15	咒文刻印使
萊涅05	黑襪子	78	15097818272112	24		15	幻影劍士
萊涅05	嘿襪仔	78	14869885658006	25		15	幻影劍士
萊涅05	漢娜hanna	78	14829773947772	26	從從容容	15	執行官
萊涅05	皮皮獅	78	14204713669368	27	炮仔聲	16	太陽監視者
萊涅05	幸運龐莎	78	13906367247858	28		15	香射手
萊涅05	煙火	78	13690917059844	29		16	幻影劍士
萊涅05	骷髏弓箭手	78	13655129991644	30	從從容容	15	太陽監視者
萊涅05	拾鑫鑫呀	78	13496077216440	31	炮仔聲	15	執行官
萊涅05	小和尚打水喝	77	12018449922844	32	炮仔聲	15	執行官
萊涅05	我有毒不要Cow近我	77	11479850608905	33		15	香射手
萊涅05	鴨丸	77	11429469478367	34	炮仔聲	15	咒文刻印使
萊涅05	黑龍無雙	77	11113857849728	35		14	幻影劍士
萊涅05	ID是啥小	77	9878089914945	36		14	幻影劍士
萊涅05	亂世梟姬千紅不染心	77	9677088217861	37	從從容容	15	深淵放逐者
萊涅05	熊本小姐	77	9596133524533	38		15	香射手
萊涅05	保力達	77	9490278494325	39		15	香射手
萊涅05	榴槤	77	9303946171402	40		15	執行官
萊涅05	爆豪	77	8792938193838	41	從從容容	15	執行官
萊涅05	fydk	77	8686206805077	42	從從容容	14	咒文刻印使
萊涅05	櫻空	76	7853926731832	43	從從容容	15	太陽監視者
萊涅05	花心小麻糬	76	7821893347269	44		15	太陽監視者
萊涅05	喬巴逆	76	7568388831576	45	從從容容	14	執行官
萊涅05	抖宅	76	7069778008123	46		14	香射手
萊涅05	圈圈輕舞落花風	76	6919214663203	47		13	咒文刻印使
萊涅05	汪屁死	76	6782209537154	48		14	太陽監視者
萊涅05	阿蕾格	76	6747253713014	49	甜食堂	15	香射手
萊涅05	小晴兒	76	6738172510521	50	炮仔聲	14	咒文刻印使
萊涅05	啾啾可頌	76	6632869468271	51	不滅的英魔女	13	咒文刻印使
萊涅05	蕾格格	76	6546915294006	52	甜食堂	15	太陽監視者
萊涅05	女帝睦那京	76	6268103261167	53	千陽號	14	太陽監視者
萊涅05	紫里	76	5879398200835	54	從從容容	14	太陽監視者
萊涅05	克克拉	75	5679759255995	55	甜食堂	13	咒文刻印使
萊涅05	無聲的所在	75	5176946865213	56		14	太陽監視者
萊涅05	小熊	75	5030614878915	57	炮仔聲	13	幻影劍士
萊涅05	鷹眼密佛格	75	4571483709392	58	千陽號	15	幻影劍士
萊涅05	殺星	75	4343518661299	59		14	執行官
萊涅05	溜之大吉	74	4249716204205	60	溜溜球	14	太陽監視者
萊涅05	大柏起床樓	74	4129781326257	61		14	太陽監視者
萊涅05	NeverDie	74	3888448885840	62		14	執行官
萊涅05	藍藍的天空	74	3820267111043	63		14	執行官
萊涅05	飛過	74	3809420722805	64	撿來的	11	執行官
萊涅05	風亭侯	74	3641592534643	65	從從容容	11	香射手
萊涅05	人間	74	3593177940819	66	從從容容	13	太陽監視者
萊涅05	AAdd	74	3576353528384	67	溜溜球	13	幻影劍士
萊涅05	役小明	74	3553968484067	68		13	幻影劍士
萊涅05	晴天咖啡	74	3534573474048	69		13	執行官
萊涅05	匿名守護者	73	3261161371914	70	龍戰	13	太陽監視者
萊涅05	匿行者	73	3168208125532	71	溜溜球	14	幻影劍士
萊涅05	Kyinn	73	3111809568033	72	從從容容	13	香射手
萊涅05	UIV	73	3106626127013	73		14	香射手
萊涅05	晴兒	73	2906615738852	74	炮仔聲	11	香射手
萊涅05	雲瀟瀟	73	2485048071000	75	龍戰	13	咒文刻印使
萊涅05	千影	72	2033280910190	76	雲少	13	深淵放逐者
萊涅05	一劍斷念	72	1986642499875	77	從從容容	13	幻影劍士
萊涅05	俏妞妞	72	1950104301345	78		12	香射手
萊涅05	Archer	72	1821607167431	79		12	香射手
萊涅05	嫦娥	72	1778214696027	80		12	太陽監視者
萊涅05	蒂芬妮妮	72	1531065082723	81		12	幻影劍士
萊涅05	賣此小號	72	1529568222715	82	從從容容	12	太陽監視者
萊涅05	俠影	72	1490841189986	83		12	幻影劍士
萊涅05	赤夜萌香	72	1488614548959	84		13	太陽監視者
萊涅05	億走就丟	72	1478307327584	85		11	太陽監視者
萊涅05	獅子丸	71	1441710788935	86	炮仔聲	13	幻影劍士
萊涅05	大師姐	71	1424421381727	87		11	香射手
萊涅05	里凱爾巴格斯	71	1417634148497	88		10	香射手
萊涅05	溜溜達達	71	1302302428914	89	溜溜球	11	太陽監視者
萊涅05	Noson	71	1280937327777	90	甜食堂	12	執行官
萊涅05	街串子	71	1194005962488	91	溜溜球	12	幻影劍士
萊涅05	凌云	71	1151729948145	92	雲少	10	幻影劍士
萊涅05	幸運女神	71	1145039566038	93		11	幻影劍士
萊涅05	虞姬	71	1119255666915	94		12	咒文刻印使
萊涅05	妮莉艾露	71	1110226227782	95	護廷十三隊	11	咒文刻印使
萊涅05	彪悍	71	1098976409653	96		13	執行官
萊涅05	二艾云二	71	1053224439779	97		8	執行官
萊涅05	皮衣不掉皮	71	996052320082	98		12	咒文刻印使
萊涅05	尼尼波卡	71	949108178269	99	甜食堂	12	太陽監視者
萊涅05	佛法無邊	71	929425621237	100		12	咒文刻印使
貝爾姆特01	花醉四千客	82	82517865710847	1	凌霄軍團2	19	太陽監視者
貝爾姆特01	甭泵	81	44974236523132	2	Dsd	17	咒文刻印使
貝爾姆特01	一個小時	80	27508229940951	3	Dsd	16	執行官
貝爾姆特01	MinNa	79	18779211444519	4		17	深淵放逐者
貝爾姆特01	拿Ak的阿帥	78	12981417998701	5	劍氣長城	16	執行官
貝爾姆特01	老衲大槌	77	9148917154374	6		15	執行官
貝爾姆特01	搖滾菜瓜布	77	8661184638197	7		14	幻影劍士
貝爾姆特01	清水	76	7394882023829	8		14	香射手
貝爾姆特01	妖刀	76	5810766339627	9		13	太陽監視者
貝爾姆特01	入道	75	5611441955238	10	穹頂	11	執行官
貝爾姆特01	飄逸的猴	74	3790612240979	11		12	幻影劍士
貝爾姆特01	飄爺爺	73	2849649878549	12		13	幻影劍士
貝爾姆特01	Gordon	73	2553379648209	13	旅狼	12	幻影劍士
貝爾姆特01	請輸入名稱	72	2307233797757	14	這伺服都有病	13	幻影劍士
貝爾姆特01	草莓戚風子	72	2154664229729	15	焦糖布丁塔	12	咒文刻印使
貝爾姆特01	雲雲	72	2149090747518	16	穹頂	10	幻影劍士
貝爾姆特01	Astrid	72	2108565826635	17	Alan	11	香射手
貝爾姆特01	鹹魚一條	72	2063473813749	18	旅狼	12	太陽監視者
貝爾姆特01	神野奈	72	2029615290810	19		12	太陽監視者
貝爾姆特01	阿良	71	1400198699075	20	劍氣長城	15	執行官
貝爾姆特01	風騷	71	1240341692753	21	穹頂	10	深淵放逐者
貝爾姆特01	波子仔	71	945175535149	22		10	香射手
貝爾姆特01	奶酥厚片	71	939008606794	23	溫暖的追蹤團	11	幻影劍士
貝爾姆特01	蝦仁還要豬心	70	703084427755	24		11	太陽監視者
貝爾姆特01	天御流風	70	653459980700	25	溫暖的追蹤團	6	香射手
貝爾姆特01	白晝之月	70	604458828560	26	櫻花戰亂	11	太陽監視者
貝爾姆特01	四不象	70	582173189859	27		10	咒文刻印使
貝爾姆特01	渡鴉	69	551963852195	28		11	咒文刻印使
貝爾姆特01	Marutsuke	69	523445743093	29	麥香綠茶集團	11	幻影劍士
貝爾姆特01	傲慢	69	484119988364	30		9	咒文刻印使
貝爾姆特01	Jessie	69	400443051323	31		10	香射手
貝爾姆特01	冬後是櫻花	68	367153940519	32	櫻花戰亂	7	太陽監視者
貝爾姆特01	下北澤	68	345321040857	33		11	咒文刻印使
貝爾姆特01	人箭合一	68	280936577818	34	人箭合一	10	香射手
貝爾姆特01	神的恩典	68	277095931843	35	人箭合一	10	香射手
貝爾姆特01	冷氣達人	67	241999700765	36		10	香射手
貝爾姆特01	野草	67	216932033171	37		10	幻影劍士
貝爾姆特01	老哥六六六	67	211908830142	38	溫暖的追蹤團	9	深淵放逐者
貝爾姆特01	迷霧之子	67	209123282302	39		10	太陽監視者
貝爾姆特01	搬搬	67	208537020769	40		9	香射手
貝爾姆特01	地獄犬	67	208459915994	41		9	幻影劍士
貝爾姆特01	八角九	67	208382952794	42	穹頂	6	香射手
貝爾姆特01	奶奶奶	67	202689492313	43	穹頂	6	咒文刻印使
貝爾姆特01	穗道忠武	67	201763005637	44		7	幻影劍士
貝爾姆特01	Haluku	67	196935968664	45		10	幻影劍士
貝爾姆特01	Bevis	67	191549899998	46	Alan	8	咒文刻印使
貝爾姆特01	漫才LO	67	189170159815	47		10	執行官
貝爾姆特01	Alice	67	186845005797	48	Alan	8	幻影劍士
貝爾姆特01	小魔女	67	185356891106	49		8	咒文刻印使
貝爾姆特01	落雨聲	66	175469847099	50		10	幻影劍士
貝爾姆特01	詩舞江南	66	170627097257	51		10	咒文刻印使
貝爾姆特01	小雨	66	145252031703	52		10	太陽監視者
貝爾姆特01	尼格羅尼	66	142990529684	53		10	香射手
貝爾姆特01	娜娜一	66	139958615872	54		7	咒文刻印使
貝爾姆特01	阿黑	66	136165137296	55		10	咒文刻印使
貝爾姆特01	小黑	66	134028224230	56		6	執行官
貝爾姆特01	雲雲雲雲雲	66	133372178876	57		9	幻影劍士
貝爾姆特01	wuwei	66	131505195309	58		6	香射手
貝爾姆特01	YoGa	66	130834866397	59		9	幻影劍士
貝爾姆特01	私奔吧	66	128609789098	60		6	香射手
貝爾姆特01	歌手	65	126803636834	61		6	咒文刻印使
貝爾姆特01	liliu	65	125864248135	62		6	咒文刻印使
貝爾姆特01	忘憂愁	65	124624370686	63		6	咒文刻印使
貝爾姆特01	摩羯男	65	124615281042	64		6	香射手
貝爾姆特01	燈火闌珊	65	121431781874	65		7	咒文刻印使
貝爾姆特01	乂赫利奧斯乂	65	119723827609	66		5	執行官
貝爾姆特01	除除	65	118064042113	67		7	香射手
貝爾姆特01	天子	65	115304998385	68		1	香射手
貝爾姆特01	格律	65	113502395975	69		7	香射手
貝爾姆特01	奶奶奶奶	65	112328483014	70		6	咒文刻印使
貝爾姆特01	EV	65	112001556851	71		8	幻影劍士
貝爾姆特01	火雞老師	65	111732457453	72		8	香射手
貝爾姆特01	鈴鹿	65	111666549286	73	RUST	8	咒文刻印使
貝爾姆特01	焱煩	65	109872834357	74		9	深淵放逐者
貝爾姆特01	小格格	65	108592400470	75		8	香射手
貝爾姆特01	葉藍	65	104468548522	76		9	咒文刻印使
貝爾姆特01	重除	65	102398421535	77		6	香射手
貝爾姆特01	暴雪	65	98974862056	78		7	咒文刻印使
貝爾姆特01	斗幻	65	98496475418	79		4	香射手
貝爾姆特01	高希茵娜	65	98006368101	80		7	香射手
貝爾姆特01	bbhjmkf	65	97664180959	81	dfd	1	香射手
貝爾姆特01	合併是沒人是不是啊	65	97636767287	82	櫻花戰亂	1	幻影劍士
貝爾姆特01	舒克	65	96881268586	83		5	執行官
貝爾姆特01	酷炫	65	96171920508	84		4	咒文刻印使
貝爾姆特01	勒苟拉斯	65	96106360008	85	旅狼	9	香射手
貝爾姆特01	萍萍	65	91904567763	86		6	香射手
貝爾姆特01	ghfZgfg	65	91411600989	87	Dsd	1	香射手
貝爾姆特01	娘砲	65	91063582924	88		1	香射手
貝爾姆特01	efewfefrg	65	90948352929	89	Dsd	1	香射手
貝爾姆特01	efefee	65	90906730289	90	Dsd	1	香射手
貝爾姆特01	金微笑	65	90720875331	91		2	太陽監視者
貝爾姆特01	Sorairosky	65	90703417957	92	簡單玩	1	太陽監視者
貝爾姆特01	黎月	65	90623843314	93		1	太陽監視者
貝爾姆特01	gfdfd	65	90494924973	94		1	深淵放逐者
貝爾姆特01	fgdfd	65	90484427324	95	mvhqot	1	深淵放逐者
貝爾姆特01	哈利蜜柚	65	90383926962	96	櫻花戰亂	7	深淵放逐者
貝爾姆特01	Setekh	65	90297127350	97	簡單玩	1	深淵放逐者
貝爾姆特01	莫道	65	90161514241	98		6	幻影劍士
貝爾姆特01	ghjk	65	90115444699	99		7	執行官
貝爾姆特01	ZG	65	90114789106	100		1	深淵放逐者
貝爾姆特03	奧喲更	81	64558438444374	1	季節的風	18	太陽監視者
貝爾姆特03	獅子奮迅	80	39417377293297	2	季節的風	17	幻影劍士
貝爾姆特03	阿斯頓	80	31122986443673	3	季節的風	17	深淵放逐者
貝爾姆特03	啾啾喲	80	29014307956685	4	季節的風	16	咒文刻印使
貝爾姆特03	小綠	80	27678020053761	5	YYD	15	太陽監視者
貝爾姆特03	LksiDX	79	20868141078324	6		14	太陽監視者
貝爾姆特03	小黃	79	18820845290009	7	YYD	15	咒文刻印使
貝爾姆特03	TomHanks	79	18382124743573	8	比奇堡	15	香射手
貝爾姆特03	吉比花生豆	78	16964829583119	9		16	幻影劍士
貝爾姆特03	一二三四虎	78	15543341899453	10	YYD	15	幻影劍士
貝爾姆特03	小藍	78	15097131640847	11	YYD	15	太陽監視者
貝爾姆特03	小虎仔	78	12123495559378	12	YYD	15	咒文刻印使
貝爾姆特03	旅團資源回收	76	7802371553605	13		13	幻影劍士
貝爾姆特03	飄零	76	7603885794724	14	小GG	14	幻影劍士
貝爾姆特03	星曦	76	7088851298439	15		15	幻影劍士
貝爾姆特03	想不到ID	76	6296937611796	16		13	咒文刻印使
貝爾姆特03	帕帕	75	5404255218705	17	季節的風	12	幻影劍士
貝爾姆特03	零零二	75	5364045974113	18		14	咒文刻印使
貝爾姆特03	新手老莊	75	4319379982378	19		13	太陽監視者
貝爾姆特03	魄魄	74	4073127741573	20	季節的風	12	深淵放逐者
貝爾姆特03	我反芻著你留下的寂寞	74	3715405673401	21	甲組	13	執行官
貝爾姆特03	繳費處	74	3706957988328	22	小GG	14	幻影劍士
貝爾姆特03	䔸㮺㓁灮兗	74	3545594220222	23	季節的風	14	香射手
貝爾姆特03	寶雅	74	3494602885846	24	季節的風	10	深淵放逐者
貝爾姆特03	傲慢哥布林	74	3471210855635	25		13	香射手
貝爾姆特03	老公來了	73	3203029556179	26		14	幻影劍士
貝爾姆特03	秋雨	73	3134002680557	27	季節的風	12	太陽監視者
貝爾姆特03	龍太	73	3011148614692	28		11	幻影劍士
貝爾姆特03	新手試玩	73	2928496725394	29		13	幻影劍士
貝爾姆特03	晴時多雲偶想你丶丶丶	73	2752931309945	30	甲組	11	執行官
貝爾姆特03	回來看看	73	2728036375644	31		13	執行官
貝爾姆特03	秋天不回來	73	2716945363139	32	季節的風	11	太陽監視者
貝爾姆特03	一個情人	73	2638362651128	33	季節的風	12	太陽監視者
貝爾姆特03	漸漸	73	2615170274128	34	季節的風	10	幻影劍士
貝爾姆特03	獨自升級	73	2585580360668	35	季節的風	12	太陽監視者
貝爾姆特03	黑鬼朝	73	2546034440758	36		14	執行官
貝爾姆特03	龍嘯天	73	2507566003994	37	季節的風	10	太陽監視者
貝爾姆特03	二寶	73	2346080984880	38		12	太陽監視者
貝爾姆特03	火星人	72	2329511585048	39	季節的風	10	太陽監視者
貝爾姆特03	附件是德	72	2282294824720	40	季節的風	10	太陽監視者
貝爾姆特03	決定勝負	72	2235797776699	41	季節的風	10	太陽監視者
貝爾姆特03	就复古豆	72	2222649362850	42	季節的風	10	太陽監視者
貝爾姆特03	國會大廈	72	2210537714183	43	季節的風	10	太陽監視者
貝爾姆特03	的复	72	2185981333255	44	季節的風	10	太陽監視者
貝爾姆特03	更多	72	2171833461278	45	季節的風	10	太陽監視者
貝爾姆特03	周杰輪	72	2130227801882	46	男神	14	幻影劍士
貝爾姆特03	法法	72	2071107388445	47	季節的風	10	咒文刻印使
貝爾姆特03	TomCruise	72	2001160740655	48	比奇堡	13	執行官
貝爾姆特03	BDK	72	1909169297622	49	異世界旅行團	12	咒文刻印使
貝爾姆特03	超級大寶寶	72	1907114692954	50		13	咒文刻印使
貝爾姆特03	SKG	72	1880027883505	51	異世界旅行團	12	咒文刻印使
貝爾姆特03	齊下	72	1741294559296	52	季節的風	10	深淵放逐者
貝爾姆特03	幽幽	72	1699789429262	53	季節的風	10	深淵放逐者
貝爾姆特03	玫瑰少年	72	1638247299265	54	小GG	13	太陽監視者
貝爾姆特03	kaori	72	1590912555108	55		14	太陽監視者
貝爾姆特03	六月墨	71	1212688729862	56		12	太陽監視者
貝爾姆特03	塵曦	71	1173460741203	57		11	咒文刻印使
貝爾姆特03	皇極驚天拳	71	1154304284336	58	小GG	10	香射手
貝爾姆特03	教授小妖精	71	1102854593872	59		11	太陽監視者
貝爾姆特03	紅髮妹子	71	1072361612656	60	異世界旅行團	12	咒文刻印使
貝爾姆特03	保鑣一號	71	1044892256635	61		12	咒文刻印使
貝爾姆特03	風雲際會	71	976369726473	62	冰心戀雨	10	香射手
貝爾姆特03	又菜又愛玩	71	955827805534	63	小GG	14	香射手
貝爾姆特03	艷艷鶯鶯	71	935814545190	64		9	太陽監視者
貝爾姆特03	惡男	71	934207263199	65	小GG	12	香射手
貝爾姆特03	卡米爾	70	816094039588	66	季節的風	8	咒文刻印使
貝爾姆特03	DonChicken	70	813302788529	67		11	咒文刻印使
貝爾姆特03	卡比獸不瘦	70	792069967513	68		13	咒文刻印使
貝爾姆特03	Jax	70	767557223399	69	季節的風	10	香射手
貝爾姆特03	Poison	70	682629603954	70	Poison	11	幻影劍士
貝爾姆特03	挂aa	70	663182034395	71		10	咒文刻印使
貝爾姆特03	古月聖	70	642244250877	72	小GG	12	太陽監視者
貝爾姆特03	搓陰未來	70	634422623740	73		11	幻影劍士
貝爾姆特03	YoonA	70	613004221797	74		11	香射手
貝爾姆特03	大波波	70	598920601327	75		10	執行官
貝爾姆特03	六月十六	70	592338087246	76	小GG	12	執行官
貝爾姆特03	野原美冴	70	576849467647	77		10	咒文刻印使
貝爾姆特03	兔吉	69	459221150644	78		10	咒文刻印使
貝爾姆特03	河北老師	69	456708772483	79		11	香射手
貝爾姆特03	JGOOI	69	455367163486	80	異世界旅行團	11	幻影劍士
貝爾姆特03	滅天	69	420946483128	81		10	幻影劍士
貝爾姆特03	Gica	69	412080709553	82		11	香射手
貝爾姆特03	筋斗雲	69	395677926764	83	小GG	6	咒文刻印使
貝爾姆特03	林老牧	69	395560425512	84		12	香射手
貝爾姆特03	周傑倫	68	370031766160	85	波拉西亞	10	咒文刻印使
貝爾姆特03	馬奴	68	367556502492	86	季節的風	11	深淵放逐者
貝爾姆特03	挂a	68	365049027397	87		10	咒文刻印使
貝爾姆特03	好的驕傲	68	360430807845	88	小GG	11	香射手
貝爾姆特03	法師一號	68	316987857370	89		10	咒文刻印使
貝爾姆特03	夢靨聆聽	68	288502046703	90	暗影	10	幻影劍士
貝爾姆特03	佛祖寶寶	68	269469438491	91		11	香射手
貝爾姆特03	旺德福	67	256189105217	92		11	香射手
貝爾姆特03	龍門一號	67	254975671083	93		10	太陽監視者
貝爾姆特03	阿七寶寶	67	253579386288	94		10	咒文刻印使
貝爾姆特03	古流勳風	67	252136679712	95		10	幻影劍士
貝爾姆特03	月靈	67	250888806530	96	甲組	4	咒文刻印使
貝爾姆特03	見秋天	67	237333446717	97	temp	6	咒文刻印使
貝爾姆特03	暗影幻弓	67	232418527762	98	暗影	10	香射手
貝爾姆特03	兔兔	67	226725870626	99	甲組	4	咒文刻印使
貝爾姆特03	好運	67	222168412414	100		8	太陽監視者
困特03	香克斯	85	355345240295010	1	波特卡斯D艾斯	20	執行官
困特03	魯夫夫	85	343873662799547	2	波特卡斯D艾斯	22	深淵放逐者
困特03	艾歐基麥康	85	296304215062044	3	波特卡斯D艾斯	19	太陽監視者
困特03	在下毛毛雨	85	285368825999239	4	波特卡斯D艾斯	20	執行官
困特03	薩波	84	245536161517021	5	波特卡斯D艾斯	20	太陽監視者
困特03	雲朵裡面迷路的索隆寶	84	239978577567805	6	波特卡斯D艾斯	21	執行官
困特03	潛伏	84	219353089970576	7	波特卡斯D艾斯	20	太陽監視者
困特03	貝波熊	84	208044001963168	8	波特卡斯D艾斯	20	咒文刻印使
困特03	燦爛笑容的佩恩z	84	199668255064654	9	波特卡斯D艾斯	20	太陽監視者
困特03	餅乾薄荷人	84	173929360450676	10	波特卡斯D艾斯	19	太陽監視者
困特03	鷗送報	84	171228157385921	11	波特卡斯D艾斯	20	執行官
困特03	你已經死了	84	166579924309435	12	波特卡斯D艾斯	20	幻影劍士
困特03	藍波球	84	161241537878629	13	波特卡斯D艾斯	18	咒文刻印使
困特03	波特卡斯D艾斯	84	159592193999587	14	波特卡斯D艾斯	19	咒文刻印使
困特03	波妮	83	150269324787226	15	波特卡斯D艾斯	19	咒文刻印使
困特03	伊姆	83	145902067249625	16	波特卡斯D艾斯	19	幻影劍士
困特03	喬莉雅	83	145101086472934	17	波特卡斯D艾斯	18	咒文刻印使
困特03	久未放晴的天空	83	142320467522871	18	波特卡斯D艾斯	19	香射手
困特03	焦糖烤布蕾	83	123401486334989	19	波特卡斯D艾斯	18	咒文刻印使
困特03	夜貓	82	101637633463964	20	波特卡斯D艾斯	17	咒文刻印使
困特03	凌霄	82	84152725369622	21	波特卡斯D艾斯	19	深淵放逐者
困特03	醉愛小姐姐	81	62677924282373	22	波特卡斯D艾斯	17	執行官
困特03	蒼雪雲月	81	59679242447687	23	波特卡斯D艾斯	16	咒文刻印使
困特03	海鹽焦糖烤布蕾	81	58701433303620	24	波特卡斯D艾斯	16	執行官
困特03	說來就來	81	54591707186058	25		18	咒文刻印使
困特03	福福	81	54258868313873	26	波特卡斯D艾斯	16	幻影劍士
困特03	你過來啊	81	48664591871242	27		18	執行官
困特03	脆皮章魚燒	81	46477773427125	28	波特卡斯D艾斯	16	咒文刻印使
困特03	有沒有感覺刺刺的	81	45536398894369	29		18	香射手
困特03	焗烤馬鈴薯	80	41675612817863	30	波特卡斯D艾斯	16	太陽監視者
困特03	俺老豬的肚子早就餓了	80	37232637321800	31		18	咒文刻印使
困特03	文斯莫克香吉士	80	32518362883360	32	波特卡斯D艾斯	15	太陽監視者
困特03	新世界歐皇	80	31174618949132	33	波特卡斯D艾斯	15	幻影劍士
困特03	天月時	80	29326619335984	34	波特卡斯D艾斯	15	咒文刻印使
困特03	你還好嗎	80	28830977409780	35	Jbc	17	執行官
困特03	鮭魚軟法	79	25076396182269	36	性感狐狸號	16	咒文刻印使
困特03	傲世狂雲	79	24810098032091	37	波特卡斯D艾斯	16	幻影劍士
困特03	多佛朗尼哥	79	24453367069038	38	海軍總部	16	執行官
困特03	方丈大師	79	24250177635698	39	鴨丸	17	香射手
困特03	七分	79	23032747910799	40	阿娜	15	太陽監視者
困特03	煙花	79	22581542691291	41	阿娜	15	太陽監視者
困特03	拉拉克拉拉	79	22285202227143	42	波特卡斯D艾斯	17	幻影劍士
困特03	白晝	79	21895126271440	43	阿娜	16	幻影劍士
困特03	萌嵐喬	79	20582186582206	44		15	香射手
困特03	皮皮獅	79	19398410581782	45	鴨丸	16	太陽監視者
困特03	LukeLuke	79	19060915218547	46	Jbc	16	幻影劍士
困特03	孤孤嘎嘎	79	18982998096683	47	阿娜	15	咒文刻印使
困特03	JS	78	17635850850300	48	Jbc	14	幻影劍士
困特03	既分高下也決生死	78	17373560026033	49		15	太陽監視者
困特03	噴風貝	78	17158122725879	50	阿娜	15	太陽監視者
困特03	萊納你坐啊	78	16665237825500	51		15	太陽監視者
困特03	阿娜娜	78	16291874334137	52	阿娜	15	執行官
困特03	gold	78	14821075862575	53	阿娜	15	太陽監視者
困特03	和尚不吃肉	78	14591368065734	54	鴨丸	16	執行官
困特03	JR	78	14332039794257	55	Jbc	15	香射手
困特03	婉兒	78	14056735738050	56		15	香射手
困特03	你是勒烤	78	13915566450954	57		16	香射手
困特03	鴨丸	78	13734721748383	58	鴨丸	15	咒文刻印使
困特03	MOGUTOU	78	13514202721555	59	鴨丸	15	執行官
困特03	托拉法爾加D羅	78	13381245741047	60	波特卡斯D艾斯	15	太陽監視者
困特03	愚者DG	78	12791561169403	61		14	太陽監視者
困特03	我養你啊	77	12055212055391	62		14	幻影劍士
困特03	紀昀希	77	10719877953120	63	可爾可欣	14	深淵放逐者
困特03	悍妮Mazda炮	77	10543952181171	64	天天開心	14	咒文刻印使
困特03	染心	77	10438958743809	65	阿娜	15	深淵放逐者
困特03	fydk	77	9940061751001	66	阿娜	15	咒文刻印使
困特03	cd	77	9646259483634	67	阿娜	15	執行官
困特03	臨時演員也是演員	77	9609777906443	68		14	太陽監視者
困特03	TheGod	77	9102408288785	69	GOD	14	幻影劍士
困特03	喬巴巴	77	8593900971084	70	阿娜	15	執行官
困特03	櫻空	77	8586742925340	71	阿娜	15	太陽監視者
困特03	阿蕾格	77	8444776197784	72	甜食堂	15	香射手
困特03	以太巨神	77	8369229207906	73	波特卡斯D艾斯	15	執行官
困特03	倒頭就睡	77	8344552002549	74	GOD	14	幻影劍士
困特03	蕾格格	77	8341819534036	75	甜食堂	15	太陽監視者
困特03	一隻雞只有兩顆蛋	77	8256074306943	76		14	幻影劍士
困特03	簫炎	76	7757479340069	77		15	太陽監視者
困特03	小情兒	76	7649696259120	78	鴨丸	14	咒文刻印使
困特03	阿飄	76	7579422970026	79	阿娜	15	太陽監視者
困特03	麥香綠茶	76	7545757086454	80	Jbc	14	幻影劍士
困特03	女帝睦那京	76	7266391193999	81	波特卡斯D艾斯	15	太陽監視者
困特03	月濙	76	7180327453331	82		14	執行官
困特03	克拉拉	76	7094434124305	83	甜食堂	15	咒文刻印使
困特03	在地可頌	76	6690121086642	84	星光的哨基地	13	咒文刻印使
困特03	紫里	76	6579426154077	85	阿娜	15	太陽監視者
困特03	宮本總司	76	6487707980096	86	天天開心	14	咒文刻印使
困特03	JD	76	6393735803650	87	Jbc	13	太陽監視者
困特03	鷹眼密佛格	76	6177967549571	88	波特卡斯D艾斯	15	幻影劍士
困特03	任飄渺	76	6122558252574	89	天天開心	14	咒文刻印使
困特03	全宇宙唯一一朵玫瑰花	76	5888291110127	90	Jbc	15	咒文刻印使
困特03	梁山伯住陰宅	75	5779249634140	91	天天開心	13	咒文刻印使
困特03	JA	75	5739641460957	92	Jbc	14	太陽監視者
困特03	巴斯克乳酪蛋糕	75	4918908479790	93	性感狐狸號	12	太陽監視者
困特03	相親相愛	75	4898243232851	94	有容奶大	14	幻影劍士
困特03	王林	75	4762827840903	95		13	深淵放逐者
困特03	手術果實	75	4514282580301	96	性感狐狸號	12	咒文刻印使
困特03	bnb	75	4352711607530	97	阿娜	14	太陽監視者
困特03	飛過	75	4315488446068	98	飛過	11	執行官
困特03	雨飛飛	74	3819410297222	99		15	咒文刻印使
困特03	JT	74	3662866554413	100	Jbc	12	幻影劍士
修連05	姓陳的文先生	83	108354240910175	1	無雙	19	太陽監視者
修連05	賓士	82	94879792239007	2	無雙	18	執行官
修連05	牛肉丼	82	83819818678743	3	無雙	18	太陽監視者
修連05	幻鏡	82	80602832467852	4	無雙	18	太陽監視者
修連05	青花筍	82	68742174277040	5	無雙	18	咒文刻印使
修連05	電腦玩家	81	56808836237951	6	無雙	17	咒文刻印使
修連05	神秘香雞腿	81	54855220824678	7	無雙	17	咒文刻印使
修連05	頭暈是正常的	81	49527790055214	8	無雙	17	執行官
修連05	次所舞次子	80	37635848627782	9	無雙	16	太陽監視者
修連05	星詠	80	37572759087824	10	無雙	16	執行官
修連05	黑糖珍珠	80	36684449549283	11	無雙	16	太陽監視者
修連05	哎唷	80	32378222992471	12		16	幻影劍士
修連05	元氣奶茶	80	32279160962692	13	無雙	16	執行官
修連05	關我屁事	80	32039413830615	14	無雙	16	咒文刻印使
修連05	怎麼可以傷害兔兔	80	29552241600583	15	無雙	17	執行官
修連05	鄉音無改	80	28869904816365	16	秦夢瑤	15	太陽監視者
修連05	DNF	79	25679890541698	17	無雙	16	執行官
修連05	周杰倫	79	24081543324128	18	無雙	16	香射手
修連05	新東陽豆鼓紅燒鰻	79	22045830915695	19		15	幻影劍士
修連05	清蒸螳螂	79	20332670132770	20	無雙	16	太陽監視者
修連05	天域晴子	79	18796419327818	21	無雙	15	太陽監視者
修連05	han	79	18759078083655	22	熊不熊有點丈化	15	太陽監視者
修連05	嚇死寶寶了	78	15723116336833	23	無雙	15	咒文刻印使
修連05	修淡己累	78	15208201346730	24	無雙	15	香射手
修連05	泰國甜	78	14584355292361	25	無雙	15	咒文刻印使
修連05	夜之星	78	14375015353463	26	無雙	16	香射手
修連05	黑色庫洛米	78	13915111176379	27		15	太陽監視者
修連05	五拾的檳榔配上小米酒	78	13342538846731	28		16	執行官
修連05	呀姐菜菜	78	12134923676712	29	無雙	16	香射手
修連05	無課玩家	77	11463080505138	30	無雙	17	咒文刻印使
修連05	易月半體質	77	11066275165566	31		15	幻影劍士
修連05	KID閃閃神	77	9710066886932	32	銀號會館	14	咒文刻印使
修連05	伊比呀呀	77	9526112590199	33		15	咒文刻印使
修連05	Q呵呵Q	77	8969129827811	34		15	幻影劍士
修連05	牛奶蛋糕	76	7675684360559	35	秦夢瑤	14	咒文刻印使
修連05	天理	76	6539963833329	36		13	太陽監視者
修連05	妹妹	76	6194332903532	37		14	執行官
修連05	御宅貓	76	6139366766140	38		14	深淵放逐者
修連05	敵羞吾將脫她衣	76	6128420276129	39	無雙	14	咒文刻印使
修連05	DA香伊	76	6093606257505	40	銀號會館	13	咒文刻印使
修連05	兇猛毛怪	75	5565616817477	41	無雙	14	執行官
修連05	卡寶卡寶	75	5394391105304	42		13	咒文刻印使
修連05	網文	75	5122036512799	43		14	幻影劍士
修連05	藥頭	75	5005600749747	44	二號藥店	11	幻影劍士
修連05	上旺	75	4966770752899	45	Kuro	8	香射手
修連05	簡白	75	4834800337162	46	覓遠	13	太陽監視者
修連05	百香初戀綠	75	4625871532989	47		13	幻影劍士
修連05	我命由我不由天	75	4611103910120	48		13	咒文刻印使
修連05	霸王虞姬	75	4592655504947	49		13	幻影劍士
修連05	生活綠茶	75	4379940366293	50	無雙	10	咒文刻印使
修連05	凍奶茶	74	4200274470453	51		13	香射手
修連05	GTR	74	3873629514412	52	無雙	11	香射手
修連05	搶占角色	74	3846887755151	53	無雙	13	執行官
修連05	好了拉	74	3697496344038	54	無雙	10	香射手
修連05	店長	74	3657835689794	55	二號藥店	11	香射手
修連05	匿名的女票客	74	3655240224558	56		13	幻影劍士
修連05	斯提芬尼	74	3532352612627	57		13	幻影劍士
修連05	早川	74	3463800681008	58		13	香射手
修連05	楚留香	74	3423846018313	59	銀號會館	13	深淵放逐者
修連05	凌未風	73	2947197237041	60	秦夢瑤	12	香射手
修連05	秦夢瑤	73	2861715700092	61	秦夢瑤	12	咒文刻印使
修連05	陸小鳳	73	2857105654750	62	銀號會館	14	香射手
修連05	黃金歲月靜好	73	2838051428641	63		12	幻影劍士
修連05	好玩	73	2756501326699	64	秦夢瑤	14	香射手
修連05	旺仔小鍋子	73	2746681035121	65		13	咒文刻印使
修連05	莫名奇妙	73	2708014992357	66	熊不熊有點丈化	12	香射手
修連05	奕雪	73	2683684491043	67	秦夢瑤	12	香射手
修連05	香煎小鹿	73	2653906225516	68	秦夢瑤	12	咒文刻印使
修連05	Malize	73	2646403035893	69	無雙	13	咒文刻印使
修連05	蛋蛋姆湯	73	2563077308801	70		12	香射手
修連05	南極星	73	2540695032154	71	秦夢瑤	12	香射手
修連05	小萌新	73	2534577710430	72	秦夢瑤	14	深淵放逐者
修連05	大萌新	73	2530282831109	73	秦夢瑤	13	深淵放逐者
修連05	開水很燙	73	2457473205568	74	無雙	10	太陽監視者
修連05	來玩	73	2449870347295	75	秦夢瑤	14	香射手
修連05	詩雲	73	2377646580148	76	千江月	13	咒文刻印使
修連05	澳莉安娜	72	2292478833932	77	秦夢瑤	12	咒文刻印使
修連05	Kuro	72	2209069704309	78	Kuro	11	執行官
修連05	黑糖	72	2206752861628	79	秦夢瑤	12	香射手
修連05	迦娜	72	2199195790874	80	秦夢瑤	12	咒文刻印使
修連05	彭玉晏	72	2097369898141	81		12	執行官
修連05	QQ甜衣	72	1941002799992	82	銀號會館	10	咒文刻印使
修連05	薄荷烏龍	72	1795081929845	83	無雙	10	咒文刻印使
修連05	天域蒼	72	1786788862003	84	銀號會館	13	深淵放逐者
修連05	Ethel	72	1784243776992	85	Kuro	11	咒文刻印使
修連05	核分裂	72	1760983145262	86		12	香射手
修連05	輕輕一笑很傾城	72	1745552433797	87		11	深淵放逐者
修連05	溫吞	72	1509322250281	88	Kuro	2	深淵放逐者
修連05	AO	72	1472506887771	89	小滿滿	12	香射手
修連05	AJ	71	1370067915857	90	小滿滿	12	香射手
修連05	浪淘沙	71	1368828449485	91	浪淘沙	11	香射手
修連05	OutSiDerS	71	1356594943209	92		13	香射手
修連05	林妙真	71	1301503441304	93	無雙	12	咒文刻印使
修連05	屁孩	71	1296687631631	94		11	幻影劍士
修連05	SSR	71	1247593302553	95	銀號會館	11	深淵放逐者
修連05	福島呱呱	71	1108862341720	96		11	太陽監視者
修連05	七彩鸞鳥	71	1084723976271	97	銀號會館	12	咒文刻印使
修連05	口內	71	1063052676104	98		11	太陽監視者
修連05	AB	71	1058405526447	99	小滿滿	12	香射手
修連05	旋風衝鋒	71	1040428258127	100	無雙	7	咒文刻印使
伊奈司01	拳度西天路	88	1196439188768515	1	柒樓	23	幻影劍士
伊奈司01	煞氣乂水瓶座女孩	88	1132308851156905	2	柒樓	23	香射手
伊奈司01	叁柒伍零	87	726213525404544	3	柒樓	22	咒文刻印使
伊奈司01	FA李雅英	86	500085764323344	4	柒樓	20	香射手
伊奈司01	超老的大二	86	409402039349091	5	柒樓	21	深淵放逐者
伊奈司01	龍丸	85	372893627619923	6	柒樓	20	太陽監視者
伊奈司01	上古深淵妖魔嗜血鐮鼬	85	339876865346559	7	柒樓	20	深淵放逐者
伊奈司01	墨雨嫣然	84	225050632301987	8	柒樓	21	咒文刻印使
伊奈司01	千田大少	84	164021789620583	9	天色漸漸光	20	咒文刻印使
伊奈司01	星辰羽翼	83	149512450860590	10	柒樓	20	太陽監視者
伊奈司01	夜曲	83	144197607665457	11	柒樓	20	幻影劍士
伊奈司01	哈士柴	83	143965758369739	12	柒樓	19	太陽監視者
伊奈司01	玖伍貳柒	83	141802983526073	13	柒樓	20	咒文刻印使
伊奈司01	不要香菜不要芹菜小辣	83	116159714827261	14	柒樓	19	太陽監視者
伊奈司01	T恤加蔣公	83	112086886103536	15	柒樓	20	幻影劍士
伊奈司01	雲雀恭彌	82	99508993341501	16	柒樓	18	咒文刻印使
伊奈司01	一清潔工一	82	77164927570606	17	天色漸漸光	18	香射手
伊奈司01	梯形加蔣公	82	76664430012742	18	柒樓	19	咒文刻印使
伊奈司01	李淳罡	82	73680366526245	19	柒樓	18	太陽監視者
伊奈司01	伊紫禁	82	67010299326471	20		18	咒文刻印使
伊奈司01	神行御守	82	66635941844287	21	柒樓	18	咒文刻印使
伊奈司01	登陸方式	82	66373099351913	22	山地车	18	太陽監視者
伊奈司01	嘎嘎醬板鴨	81	64614619729067	23	柒樓	19	執行官
伊奈司01	紫氣東來	81	56654834727017	24	柒樓	19	執行官
伊奈司01	龐吉	81	56482708669149	25	柒樓	18	執行官
伊奈司01	恆河一沙	81	55369753652065	26	柒樓	17	香射手
伊奈司01	希瓦娜斯	81	54946315876209	27	柒樓	17	太陽監視者
伊奈司01	伊琪	81	52670346410625	28		18	執行官
伊奈司01	Rof	81	50711277405600	29	柒樓	17	咒文刻印使
伊奈司01	華容嫣然	81	50593795939798	30	柒樓	17	幻影劍士
伊奈司01	鉑金包	81	49756177667417	31	柒樓	17	香射手
伊奈司01	卡門	81	48938774699336	32	柒樓	17	咒文刻印使
伊奈司01	隨便玩玩	81	47446196887909	33	山地车	16	太陽監視者
伊奈司01	冷麵	81	46983913510820	34		19	香射手
伊奈司01	閃影冰冰	80	41522241769861	35	柒樓	18	太陽監視者
伊奈司01	少年人	80	40947685030970	36	柒樓	19	執行官
伊奈司01	流浪的紅雪人	80	38545755528274	37	鬼	17	執行官
伊奈司01	雙魚喵	80	37801475248170	38	柒樓	18	幻影劍士
伊奈司01	凍鴛鴦	80	37535633116935	39		17	深淵放逐者
伊奈司01	一天清一	80	34888000804312	40	諾亞寶寶	18	執行官
伊奈司01	一地濁一	80	33819775383753	41	諾亞寶寶	16	幻影劍士
伊奈司01	徐鳳年	80	33795966038204	42	柒樓	17	香射手
伊奈司01	我的刀下沒有亡魂	80	32525503028378	43	山地车	17	深淵放逐者
伊奈司01	小綠	80	31681179771625	44	柒樓	18	太陽監視者
伊奈司01	啞伶菲嬝	80	31532074110314	45	柒樓	16	幻影劍士
伊奈司01	烏龍茶馬麻	80	31420265141016	46	鬼	18	深淵放逐者
伊奈司01	蛇蠍	80	31210610816045	47	柒樓	16	香射手
伊奈司01	美麗動人大美妞	80	30813400692875	48	Otg	16	香射手
伊奈司01	嘿嘿秋	80	30518454314636	49	山地车	16	咒文刻印使
伊奈司01	無法顯示	80	29865522991364	50	柒樓	17	執行官
伊奈司01	醬板鴨	80	27833188711698	51	鬼	17	幻影劍士
伊奈司01	閃影熱熱	79	26290960569014	52		17	深淵放逐者
伊奈司01	丹桂妮	79	22581406290542	53		15	執行官
伊奈司01	TomHanks	79	21947514158263	54	奶昔大哥	16	香射手
伊奈司01	葡萄美酒乾一杯	79	21759516350863	55	柒樓	16	香射手
伊奈司01	Fishycat	79	21316995522453	56		16	執行官
伊奈司01	小黃	79	21257445590375	57	YNSA	15	咒文刻印使
伊奈司01	灰燼	79	20972493277241	58	冰與火之歌	16	香射手
伊奈司01	一曜日凝眸一	79	20313785831131	59	天色漸漸光	16	太陽監視者
伊奈司01	夜星	79	19816652327334	60		16	香射手
伊奈司01	武川奈富	79	19381883479814	61	柒樓	16	執行官
伊奈司01	緋紅血月	79	18145713565822	62	柒樓	17	執行官
伊奈司01	一二三四虎	78	17191051968060	63	柒樓	15	幻影劍士
伊奈司01	溫泉常客	78	17032079443382	64	柒樓	16	咒文刻印使
伊奈司01	一司藤一	78	16774673238612	65	玖樓	15	幻影劍士
伊奈司01	Dachuinv	78	15978807158344	66	Otg	15	執行官
伊奈司01	卡芝麻	78	15706322511274	67		15	幻影劍士
伊奈司01	小藍	78	15582405691666	68	YNSD	15	太陽監視者
伊奈司01	Sorrybea	78	14979584712070	69		16	幻影劍士
伊奈司01	玖肆伍叁	78	14045755289547	70	柒樓	15	執行官
伊奈司01	河馬打雞	78	14028847022366	71	Otg	15	執行官
伊奈司01	Hfuxiakez	78	13583133598758	72	Otg	15	執行官
伊奈司01	KamL磁石	78	13302802491504	73	嘉頓家庭雜餅	15	執行官
伊奈司01	四川麻辣大熊貓	78	12988285945361	74		16	執行官
伊奈司01	虎仔	78	12956602710593	75	玖樓	15	咒文刻印使
伊奈司01	一可樂一	77	12000562682331	76	彭哥列	14	幻影劍士
伊奈司01	老肯	77	11934974538725	77	老肯	15	執行官
伊奈司01	一月光一	77	11816528228923	78	天色漸漸光	16	太陽監視者
伊奈司01	鬼神	77	11547351308007	79	鬼	15	深淵放逐者
伊奈司01	地魁星	77	11137192932221	80	蜜雪冰城	15	執行官
伊奈司01	就稀罕大妞子	77	10414476560445	81	Otg	15	執行官
伊奈司01	一拾光隱月一	77	10016328715889	82		16	咒文刻印使
伊奈司01	肛好遇見你	77	9772123394146	83	安東尼	15	幻影劍士
伊奈司01	點火	77	9177547233751	84	惡龍	14	幻影劍士
伊奈司01	TianTangJD	77	9116567668143	85	Otg	14	太陽監視者
伊奈司01	財神爺的親閨女	77	8842244975168	86	柒樓	11	咒文刻印使
伊奈司01	一KKLUV一	77	8498794697245	87		14	太陽監視者
伊奈司01	死亡之握	76	8237204388560	88	柒樓	16	咒文刻印使
伊奈司01	Tfumhxy	76	7990178204481	89	Otg	14	太陽監視者
伊奈司01	春夏秋冬	76	7937348777830	90	天色漸漸光	15	幻影劍士
伊奈司01	Xmingwjiax	76	7821126820883	91	Otg	14	太陽監視者
伊奈司01	Mfumoshou	76	7741905980686	92	Otg	14	太陽監視者
伊奈司01	Rfuplxy	76	7723077020250	93	Otg	14	太陽監視者
伊奈司01	Bxoxo	76	7667419039875	94	Otg	14	太陽監視者
伊奈司01	無心	76	7519268736383	95		16	咒文刻印使
伊奈司01	來咬人了	76	7460505818185	96	鬼	12	香射手
伊奈司01	小伙帥呆了	76	7344785767156	97	Otg	14	太陽監視者
伊奈司01	Duya	76	7066074781960	98	Otg	14	太陽監視者
伊奈司01	塔塔熊的廚房	76	7032586417320	99		15	咒文刻印使
伊奈司01	陳米兒	76	6773373833184	100	老肯	14	深淵放逐者
伊奈司03	來點批A取九點零嗎	82	66953843545635	1	月光	17	咒文刻印使
伊奈司03	cc希	81	53820286790215	2		17	執行官
伊奈司03	小山丘	79	18420032959450	3	月光	15	太陽監視者
伊奈司03	珍貴	78	13591495833305	4	月光	15	太陽監視者
伊奈司03	EUN	78	13576664249897	5	牛河行街	17	深淵放逐者
伊奈司03	Twilight	78	12936676912414	6	月光	16	咒文刻印使
伊奈司03	曼曼	77	10570710605780	7		15	咒文刻印使
伊奈司03	肖自在ooooooo	77	10009827402262	8		15	香射手
伊奈司03	鮮花	77	9466845090620	9	英雄協會	14	咒文刻印使
伊奈司03	雙皮燉奶	76	7700872317824	10		15	幻影劍士
伊奈司03	烤糖蕎麥凍奶青	76	7279771483340	11		14	咒文刻印使
伊奈司03	點心皇	76	5911775917038	12	英雄協會	13	咒文刻印使
伊奈司03	嶴蘿菈	75	5728031981887	13	月光	14	香射手
伊奈司03	露茜塔	75	5236147910944	14	月光	14	執行官
伊奈司03	少小離家	75	4673611887413	15	牛河行街	14	執行官
伊奈司03	Moonlight	74	4094337594968	16	月光	14	執行官
伊奈司03	冥王星	74	3737765626113	17	月光	12	幻影劍士
伊奈司03	飛行員	74	3663019445596	18	月光	12	太陽監視者
伊奈司03	癱己	73	3199775721986	19		13	咒文刻印使
伊奈司03	埼玉o	73	3031242630503	20	英雄協會	13	咒文刻印使
伊奈司03	風炎	73	3027146161138	21		14	幻影劍士
伊奈司03	富爾豪斯	73	2743760658087	22	牛河行街	12	太陽監視者
伊奈司03	四季醬	73	2445895889425	23		13	太陽監視者
伊奈司03	包龍星	72	1932007037808	24	無名	12	咒文刻印使
伊奈司03	浮光東東	71	1215546195553	25	月光	11	香射手
伊奈司03	BBNOSE	71	946236416183	26		11	咒文刻印使
伊奈司03	璐邊野花	70	892400801978	27		12	幻影劍士
伊奈司03	小兔子	70	889961070458	28		12	咒文刻印使
伊奈司03	傑諾斯	70	867395427761	29	英雄協會	10	香射手
伊奈司03	黑夫	70	842421107072	30	飛葉	12	香射手
伊奈司03	雲E是SB	70	793829957889	31		11	太陽監視者
伊奈司03	小娃	70	733194673915	32	牛河行街	11	深淵放逐者
伊奈司03	HONGPI	69	559400767202	33	牛河行街	15	幻影劍士
伊奈司03	Doupee	69	555312696001	34		11	幻影劍士
伊奈司03	s生死未卜s	69	535329690789	35		10	幻影劍士
伊奈司03	yunjin	69	530014389699	36	牛河行街	15	太陽監視者
伊奈司03	CHEA	69	524007545061	37	牛河行街	15	深淵放逐者
伊奈司03	白白	69	521152934616	38		10	執行官
伊奈司03	微笑土豆	69	519614246767	39	牛河行街	15	咒文刻印使
伊奈司03	歪歪DS	69	467524681303	40	GVDEF	10	香射手
伊奈司03	X葬愛傷痕X	68	361574103969	41		11	咒文刻印使
伊奈司03	青淮	68	332798589639	42		10	香射手
伊奈司03	詩雅	68	323601948489	43		11	咒文刻印使
伊奈司03	小櫻花	68	318264591459	44	牛河行街	10	太陽監視者
伊奈司03	悲秋	68	301816311381	45		8	咒文刻印使
伊奈司03	柑蕉桔梨蘿柚	68	296218323161	46		11	幻影劍士
伊奈司03	吸巴Lu馬	68	290935881594	47		11	執行官
伊奈司03	暗黑系紅中	67	228031867998	48	tttt	10	香射手
伊奈司03	穆爾TT	67	223937743651	49	tttt	10	香射手
伊奈司03	槓上一條龍	67	219327351109	50	tttt	10	香射手
伊奈司03	一戰定江山	67	216764288475	51	小小佣兵	10	香射手
伊奈司03	OOKK	67	215863064148	52	tttt	10	香射手
伊奈司03	光明一麻雀	67	215685278920	53	tttt	10	香射手
伊奈司03	如畫	67	213778897628	54	tttt	9	香射手
伊奈司03	柯基果果	67	210763149800	55	tttt	10	香射手
伊奈司03	牛牛圖	67	210569463721	56	tttt	10	香射手
伊奈司03	XXOO	67	209861906285	57	tttt	10	香射手
伊奈司03	天青色等煙雨	67	207805499044	58	tttt	10	香射手
伊奈司03	白鷺原	67	207687208272	59	tttt	10	香射手
伊奈司03	杠杠杠	67	204721248367	60	tttt	10	香射手
伊奈司03	允爾	67	203989321658	61	tttt	10	香射手
伊奈司03	帶納納	67	196301057179	62	tttt	10	香射手
伊奈司03	尤妮絲	67	196087941541	63	tttt	10	香射手
伊奈司03	槓精	67	194861144809	64	tttt	10	香射手
伊奈司03	牛角尖	67	184313652007	65		10	香射手
伊奈司03	白雲飛飛	67	184078769163	66		10	香射手
伊奈司03	明末青花瓷	67	183951763535	67	tttt	10	香射手
伊奈司03	夜色被打撈起	66	183103109349	68		9	香射手
伊奈司03	妞妞吖	66	180143016805	69		10	香射手
伊奈司03	絕望的洋蔥	66	169063157627	70		9	咒文刻印使
伊奈司03	霜狼	66	164783563766	71	小小佣兵	10	香射手
伊奈司03	人妖小慧	66	146137541083	72		9	幻影劍士
伊奈司03	自持為王	66	143906028779	73	小小佣兵	10	香射手
伊奈司03	行不留名	66	136563167223	74		10	太陽監視者
伊奈司03	蘿拉	66	133534915999	75		10	咒文刻印使
伊奈司03	蛋撻俠	66	130248217904	76		8	香射手
伊奈司03	看客	65	127894947265	77	小小佣兵	10	香射手
伊奈司03	飄一飄	65	120997480012	78	月光	6	太陽監視者
伊奈司03	KLITHA	65	116314562110	79	牛河行街	7	咒文刻印使
伊奈司03	Summertime	65	115564349204	80		10	太陽監視者
伊奈司03	andreo	65	113870351807	81	英雄協會	5	咒文刻印使
伊奈司03	防水套管	65	108995823279	82	小小佣兵	8	香射手
伊奈司03	一歲半	65	108370461676	83	小小佣兵	10	香射手
伊奈司03	大概粗跟	65	108107108350	84	小小佣兵	8	香射手
伊奈司03	hjfdnmk	65	107533110795	85	小小佣兵	8	香射手
伊奈司03	依班	65	106052481821	86	月光	6	太陽監視者
伊奈司03	人間不過如此	65	103645551804	87	小小佣兵	10	香射手
伊奈司03	冷血劍魔島	65	102042198471	88	小小佣兵	10	香射手
伊奈司03	女漢子二	65	98575341617	89	小小佣兵	8	香射手
伊奈司03	F口七	65	96866077189	90		4	太陽監視者
伊奈司03	F口八	65	96846965013	91		4	太陽監視者
伊奈司03	F口五	65	96714938089	92		4	太陽監視者
伊奈司03	女漢子	65	96144981276	93	小小佣兵	8	香射手
伊奈司03	老鼠扛刀滿街嫖貓	65	95890329302	94	小小佣兵	10	香射手
伊奈司03	F口九	65	95367034218	95		4	太陽監視者
伊奈司03	KIMDODO	65	94578604017	96	牛河行街	8	執行官
伊奈司03	人間地獄	65	94476165667	97	小小佣兵	10	香射手
伊奈司03	KAZUHA	65	94168951261	98	牛河行街	8	香射手
伊奈司03	F丨口	65	93385133002	99		4	太陽監視者
伊奈司03	G丨九	65	92751164546	100		4	香射手
基安05	血腥Mary	86	425333452142481	1	小貓工作室	21	幻影劍士
基安05	老大你行先	85	361921503246512	2		21	執行官
基安05	宇智波侑	85	249051628964764	3	浮誇	20	深淵放逐者
基安05	瘋狂小射手	84	190542427142015	4	小貓工作室	20	香射手
基安05	中山	84	164781442456533	5	OLLEH	19	太陽監視者
基安05	春夏秋冬	84	160196289921848	6		20	幻影劍士
基安05	文先生	83	131203236468476	7	歐洲賓士	20	太陽監視者
基安05	小短腿	83	129761607436742	8	小貓工作室	19	咒文刻印使
基安05	姜凌赫ooooooo	83	125784051328028	9	小貓工作室	20	幻影劍士
基安05	無雙	83	111379018189575	10	歐洲賓士	18	執行官
基安05	TARAKA	83	109010142968369	11	OLLEH	19	深淵放逐者
基安05	麥旋風	83	108936847017128	12	歐洲賓士	19	太陽監視者
基安05	芒果青	82	100671072046412	13	浮誇	19	香射手
基安05	幻勁	82	100433753906391	14	歐洲賓士	19	太陽監視者
基安05	小山貓	82	88170214721027	15	小貓工作室	19	太陽監視者
基安05	白帥帥	82	82199770443446	16	歐洲賓士	18	咒文刻印使
基安05	渣男ing	82	82011675335843	17	浮誇	18	執行官
基安05	龍傲天	82	75519322203996	18	溫緇衣一章	17	幻影劍士
基安05	天光雲影	81	64573569984821	19	歐洲賓士	17	咒文刻印使
基安05	神秘香雞腿	81	63844129686712	20	歐洲賓士	17	咒文刻印使
基安05	樹果	81	62242364113968	21	浮誇	18	香射手
基安05	香蕉乳酪	81	61082348365832	22	浮誇	17	執行官
基安05	法國賭神	81	58878335977911	23	歐洲賓士	17	執行官
基安05	情深緣淺不由人	81	57488232825082	24		18	咒文刻印使
基安05	sooo	81	55687107973914	25	OLLEH	18	太陽監視者
基安05	全身上下嘴最硬	81	46983430266479	26	浮誇	17	太陽監視者
基安05	等有時間	81	46806031550924	27	浮誇	17	執行官
基安05	KT	81	46562082723078	28	OLLEH	17	執行官
基安05	次所舞子	81	44604393716673	29	歐洲賓士	16	太陽監視者
基安05	星詠	81	44547876563278	30	歐洲賓士	16	執行官
基安05	青橙	81	42767491760922	31	浮誇	17	執行官
基安05	我要驗牌	80	42075325531202	32	歐洲賓士	16	太陽監視者
基安05	胖子阿吉	80	41120476883202	33	歐洲賓士	16	咒文刻印使
基安05	綠寶	80	39099282649497	34	OLLEH	15	執行官
基安05	怎麼可以傷害兔兔	80	39041337759477	35	歐洲賓士	18	執行官
基安05	Binance	80	36502500991628	36		17	太陽監視者
基安05	精細結構常數	80	36474510496880	37	歐洲賓士	16	執行官
基安05	反町隆史	80	36127029258434	38	小貓工作室	17	香射手
基安05	GD	80	33310837339586	39	歐洲賓士	16	執行官
基安05	喵到退game	80	30290815063438	40	小貓工作室	15	執行官
基安05	一熊大一	80	30228686379233	41	OLLEH	17	幻影劍士
基安05	蟬鳴瑩舞	80	29238702687275	42		17	執行官
基安05	彳亍	80	29061409305433	43	秦夢瑤	15	太陽監視者
基安05	瑟七	80	28021562998070	44	溫緇衣一章	15	香射手
基安05	偷人還偷號	79	27145994294322	45		18	太陽監視者
基安05	QN	79	26787110833345	46		17	香射手
基安05	哥哥不要動窩料全自動	79	26362929707857	47	歐洲賓士	17	香射手
基安05	嵐喵	79	26072778355481	48	小貓工作室	15	太陽監視者
基安05	終究打婆質疑	79	25799782744743	49		17	咒文刻印使
基安05	賴咪	79	25722485560565	50	尼古清十郎	15	咒文刻印使
基安05	微微一笑很傾城	79	25397441323139	51	小貓工作室	18	執行官
基安05	龍巨	79	25291632372716	52	巔峰	16	深淵放逐者
基安05	成名	79	23401114043674	53	巔峰	15	太陽監視者
基安05	撿骨優太	79	22684217459860	54	小貓工作室	16	深淵放逐者
基安05	蝌蚪刺身	79	21668498348986	55	歐洲賓士	16	太陽監視者
基安05	天域晴子	79	20952163214215	56	歐洲賓士	15	太陽監視者
基安05	奇奇妙妙	79	20851578828245	57	妖怪村	15	太陽監視者
基安05	一蒼嵐一	79	20224589952685	58		16	執行官
基安05	富華	79	19458891462973	59	浮誇	15	太陽監視者
基安05	星之夜	79	19200819938796	60	歐洲賓士	17	香射手
基安05	嚇死寶寶了	79	18589301888799	61	歐洲賓士	15	咒文刻印使
基安05	唉呦威呀	79	18367012564347	62	歐洲賓士	15	香射手
基安05	一斷滅闡提一	79	18173348929702	63		15	執行官
基安05	Jyoon	78	18027876778523	64	OLLEH	16	執行官
基安05	非洲賓士	78	17574625509602	65	歐洲賓士	15	咒文刻印使
基安05	美麗星晨	78	16984927185049	66		16	香射手
基安05	霸科斯	78	16923185247022	67	妖怪村	15	太陽監視者
基安05	一依依一	78	16856217148591	68		15	咒文刻印使
基安05	KFC	78	16795532918352	69	疯星期四	16	深淵放逐者
基安05	她說今夜未到香	78	16698612083744	70		17	香射手
基安05	骷髏射手	78	16360905482010	71	妖怪村	15	香射手
基安05	一MAYURI一	78	16174296310210	72		15	太陽監視者
基安05	高麗菜	78	16158693353541	73	歐洲賓士	16	香射手
基安05	星語	78	16075325004314	74		15	深淵放逐者
基安05	黑金剛	78	16018613639404	75	妖怪村	14	幻影劍士
基安05	麵筋	78	16000523280713	76	妖怪村	15	太陽監視者
基安05	喵喵鈴	78	15361306754605	77	小貓工作室	15	太陽監視者
基安05	一某某一	78	15004087196954	78		16	執行官
基安05	櫻花樹下誰都美	78	14822988833340	79	浮誇	15	深淵放逐者
基安05	果頁	78	14739801556631	80		16	香射手
基安05	筱虹	78	14480381285135	81	浮誇	15	咒文刻印使
基安05	悟道	78	14118834847564	82		14	執行官
基安05	倒數第一	78	13664900132889	83	妖怪村	14	太陽監視者
基安05	終將打珀質疑	78	13493221048652	84	浮誇	16	深淵放逐者
基安05	吸姐妹洞	78	13479659355049	85		15	咒文刻印使
基安05	樹高	78	13470955233851	86	妖怪村	15	幻影劍士
基安05	一桃樂比一	78	13179557834025	87	小貓工作室	16	香射手
基安05	DDF	78	12970763989778	88	DDF	17	深淵放逐者
基安05	一二一二一	78	12552422405524	89	隔壁這一家	15	咒文刻印使
基安05	老男孩	78	12135355215781	90	歐洲賓士	17	咒文刻印使
基安05	Ss紫sS	77	11748618775028	91	新熊大兔兔	16	深淵放逐者
基安05	一亞美蝶一	77	11466192592495	92		15	太陽監視者
基安05	韭菜阿韭菜	77	11407524954639	93		15	咒文刻印使
基安05	小貓執行長	77	11353298684272	94	小貓工作室	14	執行官
基安05	kid閃閃	77	11190876209667	95	kid閃閃	14	咒文刻印使
基安05	螺絲	77	10702039330969	96	妖怪村	13	太陽監視者
基安05	Faker	77	10628343607044	97		15	咒文刻印使
基安05	一楓一	77	10489816965464	98		14	咒文刻印使
基安05	貓你一腳	77	9992472471530	99	小貓工作室	14	咒文刻印使
基安05	一冬天一	77	9876605586477	100		14	太陽監視者
札爾巴爾02	小小卡拉咪不值一提	83	139257627704692	1	兔子幫長沙灣總部	19	執行官
札爾巴爾02	無敵記者	82	67348522078006	2	兔子幫長沙灣總部	18	執行官
札爾巴爾02	插班金學生	80	36368195619633	3		17	太陽監視者
札爾巴爾02	仙道彰	80	30077785117043	4		16	香射手
札爾巴爾02	妹妹真嫩嫩	80	27538418760206	5	兔子幫長沙灣總部	16	執行官
札爾巴爾02	靈刀西狼	79	23767422214230	6		16	香射手
札爾巴爾02	河北	79	23011285474367	7		17	香射手
札爾巴爾02	刀刀入魂	78	16899226187073	8	兔子幫長沙灣總部	14	幻影劍士
札爾巴爾02	迎風尿三丈	78	15718604004827	9	兔子幫長沙灣總部	11	太陽監視者
札爾巴爾02	我奶您放心	78	12659403243357	10	兔子幫長沙灣總部	13	咒文刻印使
札爾巴爾02	Hochi	78	12250848799839	11	08小隊	17	太陽監視者
札爾巴爾02	最遙遠的地方叫小北方	77	8876646227042	12	兔子幫長沙灣總部	14	咒文刻印使
札爾巴爾02	我所看見的未來	77	8275526837082	13		15	幻影劍士
札爾巴爾02	TATAME	76	8056112932323	14		14	太陽監視者
札爾巴爾02	Anya	76	7233222771989	15	08小隊	15	幻影劍士
札爾巴爾02	蜂蜜紅茶	76	7033574633471	16		14	咒文刻印使
札爾巴爾02	水情C	76	6540583442978	17	兔子幫長沙灣總部	15	執行官
札爾巴爾02	大平	76	6512091807649	18		14	咒文刻印使
札爾巴爾02	vesat	76	6468493336969	19	退休養老	14	幻影劍士
札爾巴爾02	兩貓妙妙	76	6158981794888	20		14	香射手
札爾巴爾02	果呱	75	5554120284529	21	可愛毛蟲	13	幻影劍士
札爾巴爾02	小皓月	75	5465789016742	22	兔子幫長沙灣總部	12	香射手
札爾巴爾02	淚海晨心	75	5328038222125	23		14	執行官
札爾巴爾02	小陌	74	4190367670044	24	小醋包	13	香射手
札爾巴爾02	明月照飛池	74	4178132206372	25		14	執行官
札爾巴爾02	忘記呼吸	74	4140710969229	26	fitfit	14	咒文刻印使
札爾巴爾02	fitfit	74	3982040859932	27	fitfit	14	咒文刻印使
札爾巴爾02	清潔猿	74	3913900405659	28	上班族樂園	14	香射手
札爾巴爾02	喔巴桑	74	3692278229293	29	暗號	14	咒文刻印使
札爾巴爾02	莉日肥茶子	74	3639551010096	30		14	深淵放逐者
札爾巴爾02	恥鬼寶寶	74	3611702324631	31	兔子幫長沙灣總部	12	香射手
札爾巴爾02	膚白貌美大奈奈	74	3535332241773	32	兔子幫長沙灣總部	12	咒文刻印使
札爾巴爾02	G神太一	74	3535034564445	33		12	執行官
札爾巴爾02	o里奧o	74	3494753377192	34		14	太陽監視者
札爾巴爾02	沈默性玩具	73	3020237453842	35		13	執行官
札爾巴爾02	瓜呱	73	2637873397385	36	可愛毛蟲	12	太陽監視者
札爾巴爾02	人家是專業的	73	2360625841114	37		12	幻影劍士
札爾巴爾02	zero	73	2341801054477	38	退休旅團	13	香射手
札爾巴爾02	你的無敵呀	72	2142222208237	39	兔子幫長沙灣總部	11	執行官
札爾巴爾02	肥坦	72	2089621495257	40	08小隊	13	執行官
札爾巴爾02	熊本TATA醬	72	2088362106275	41		12	香射手
札爾巴爾02	落日邊界	72	2054134809285	42		12	幻影劍士
札爾巴爾02	雜貨商人	72	1958770634555	43		13	太陽監視者
札爾巴爾02	熊本姆斯	72	1885144120140	44		13	咒文刻印使
札爾巴爾02	Eddie艾迪	72	1818368731278	45		12	太陽監視者
札爾巴爾02	第二杯伴駕	72	1795369796395	46		13	香射手
札爾巴爾02	Bainiss	72	1784542083242	47	Uidbske	11	太陽監視者
札爾巴爾02	Tongni	72	1775575769789	48	Uidbske	11	太陽監視者
札爾巴爾02	深淵拿鐵	72	1592799840357	49	fitfit	13	深淵放逐者
札爾巴爾02	奧斯卡金像獎	72	1511774628735	50		13	執行官
札爾巴爾02	Mincck	72	1496462419048	51	Uidbske	11	太陽監視者
札爾巴爾02	大頭兒子	71	1440926387407	52	上班族樂園	12	執行官
札爾巴爾02	小岩石	71	1400748290721	53	索尼	11	香射手
札爾巴爾02	電風扇	71	1397897076136	54	喊立飞升灵界	11	執行官
札爾巴爾02	Kenlly	71	1389380407175	55	Uidbske	11	太陽監視者
札爾巴爾02	貓草	71	1184214334269	56		13	咒文刻印使
札爾巴爾02	熊本縣	71	1173144212467	57		12	執行官
札爾巴爾02	羅小虎	71	1108844130942	58	上班族樂園	12	執行官
札爾巴爾02	GGininder	71	1023445468487	59		12	太陽監視者
札爾巴爾02	珍娜	71	945993174022	60		12	咒文刻印使
札爾巴爾02	聘用	70	874661023112	61	索尼	10	香射手
札爾巴爾02	luckys	70	816744033594	62	喊立飞升灵界	6	香射手
札爾巴爾02	畏兀兒	70	779498909289	63	fitfit	12	太陽監視者
札爾巴爾02	奈巴拉牟吉	70	771725463592	64	fitfit	12	香射手
札爾巴爾02	咪咪貓貓	70	770216860575	65	fitfit	12	深淵放逐者
札爾巴爾02	天涯過客	70	764144515662	66	暗號	8	香射手
札爾巴爾02	小助手	70	756801439230	67	08小隊	11	香射手
札爾巴爾02	白蘭地戰記	70	724271583597	68	fitfit	12	幻影劍士
札爾巴爾02	野原小白	70	700110897397	69		11	太陽監視者
札爾巴爾02	安靜	70	695646226895	70	暗號	8	香射手
札爾巴爾02	暫時一號	70	694549822694	71	退休旅團	11	香射手
札爾巴爾02	龍陽無血	70	679146739069	72		8	香射手
札爾巴爾02	玖玖玖	70	670750991598	73	暗號	8	香射手
札爾巴爾02	雨菲	70	657170460375	74	小醋包	10	香射手
札爾巴爾02	浩氣長存	70	631806032405	75		8	香射手
札爾巴爾02	rtet	70	581636709728	76	mina	10	香射手
札爾巴爾02	庫洛洛團長	69	561174144301	77		10	太陽監視者
札爾巴爾02	ergergeg	69	550490424134	78	mina	10	香射手
札爾巴爾02	恒胡	69	545836056370	79		8	香射手
札爾巴爾02	Fayes	69	545693023215	80		12	太陽監視者
札爾巴爾02	結城花米	69	528532656684	81		11	執行官
札爾巴爾02	囂叮噹	69	509051241804	82		10	咒文刻印使
札爾巴爾02	erberbe	69	495530953022	83	mina	10	香射手
札爾巴爾02	xwqcx	69	493758977534	84	mina	10	香射手
札爾巴爾02	wefwefew	69	484948440955	85	mina	10	香射手
札爾巴爾02	RTHTR	69	477019705934	86	mina	10	香射手
札爾巴爾02	O買嘎	69	473664647037	87	08小隊	11	深淵放逐者
札爾巴爾02	BVERBER	69	472275645361	88	mina	10	香射手
札爾巴爾02	jkbtydrd	69	460463637821	89	mina	10	香射手
札爾巴爾02	ntedbedeb	69	459311951556	90	mina	10	香射手
札爾巴爾02	阿毛蟲	69	454458850611	91	可愛毛蟲	9	咒文刻印使
札爾巴爾02	MGHMGH	69	432408248525	92	mina	10	香射手
札爾巴爾02	箭毛北聖	69	425609140268	93	08小隊	11	香射手
札爾巴爾02	飛飝飝騛	69	421172604863	94	上班族樂園	10	執行官
札爾巴爾02	斷江	69	407908328352	95		11	香射手
札爾巴爾02	奶大誘人心	68	364971881492	96		11	咒文刻印使
札爾巴爾02	喊立飛升玲界	68	364218051184	97	喊立飞升灵界	10	香射手
札爾巴爾02	阿榕	68	362525707987	98		10	執行官
札爾巴爾02	柒柒柒	68	356999072600	99	暗號	8	香射手
札爾巴爾02	碎月巫星	68	349488659429	100	08小隊	10	咒文刻印使
黛庫爾01	永恆星芒	89	1899185810350377	1	百鬼夜行	24	執行官
黛庫爾01	混在喵群裡的瘋狗	88	1119048981988566	2	喵之部屋	23	幻影劍士
黛庫爾01	卝淺風卝	87	895597626343478	3	百鬼夜行	24	太陽監視者
黛庫爾01	歐北笑喵	87	847676859335759	4	喵之部屋	23	執行官
黛庫爾01	Wakuwaku	87	830751331950860	5	綿羊正宗	22	咒文刻印使
黛庫爾01	賓果BINGO	87	801692401522608	6	百鬼夜行	23	太陽監視者
黛庫爾01	失蹤人口	87	735573124875593	7	百鬼夜行	24	執行官
黛庫爾01	半夜到你家吸貓	87	711895062367821	8	喵之部屋	23	咒文刻印使
黛庫爾01	飛龍在天	87	664677695905741	9	柏青哥	22	太陽監視者
黛庫爾01	阿豪	86	597556282871454	10	綿羊正宗	22	執行官
黛庫爾01	一吉必殺	86	524364424102761	11	百鬼夜行	23	太陽監視者
黛庫爾01	金大支殺人鯨	86	513495492138447	12	綿羊正宗	21	太陽監視者
黛庫爾01	夜楓	86	487824997559602	13	百鬼夜行	23	執行官
黛庫爾01	NIN	86	455653318355081	14	綿羊正宗	21	香射手
黛庫爾01	凱雷爾	86	452417004914577	15	綿羊正宗	22	幻影劍士
黛庫爾01	熙朗孤濤	86	441952387623489	16	百鬼夜行	21	咒文刻印使
黛庫爾01	海盜王傑克	86	390187420371872	17	百鬼夜行	22	咒文刻印使
黛庫爾01	奪命奶媽	85	380639712350000	18	百鬼夜行	21	執行官
黛庫爾01	金沙中卷	85	380498660137867	19	百鬼夜行	21	幻影劍士
黛庫爾01	紙巾盒	85	349188064729938	20	綿羊正宗	21	執行官
黛庫爾01	Treystar	85	348896534042779	21	幽人逆旅	19	幻影劍士
黛庫爾01	Winston	85	343259275004174	22	百鬼夜行	21	咒文刻印使
黛庫爾01	芊奈喵	85	310694040579515	23	喵之部屋	22	咒文刻印使
黛庫爾01	瑪莉安	85	298505442417632	24	喵之部屋	21	幻影劍士
黛庫爾01	高雄熱炒師傅	85	290283354671543	25	喵之部屋	20	太陽監視者
黛庫爾01	炸毛	85	288723887450081	26	綿羊正宗	20	幻影劍士
黛庫爾01	熊本條	85	281641157616142	27	喵之部屋	20	深淵放逐者
黛庫爾01	Uaena	85	277278809127247	28	喵之部屋	21	太陽監視者
黛庫爾01	Ar米	85	271030061694869	29	百鬼夜行	21	太陽監視者
黛庫爾01	發財仔仔	85	260006902145629	30	春日部	20	香射手
黛庫爾01	丫文	85	259431614240393	31	百鬼夜行	21	深淵放逐者
黛庫爾01	小舞大人	85	259427339437890	32	百鬼夜行	21	太陽監視者
黛庫爾01	河北彩伽	84	241018905746593	33	綿羊正宗	21	咒文刻印使
黛庫爾01	過往雲煙	84	235684071210819	34	百鬼夜行	21	執行官
黛庫爾01	操控鍵盤小貓	84	224591358918893	35	喵之部屋	20	咒文刻印使
黛庫爾01	卝白夜總監卝	84	223126016024397	36	百鬼夜行	21	咒文刻印使
黛庫爾01	瓦煲奶茶	84	204360329499636	37	百鬼夜行	20	執行官
黛庫爾01	洋洋喵	84	202596554968114	38	喵之部屋	20	幻影劍士
黛庫爾01	華Dee	84	191639054033159	39	百鬼夜行	21	執行官
黛庫爾01	冷凍地瓜	84	182253683637567	40	百鬼夜行	21	香射手
黛庫爾01	法號梅賽德寺	84	174591487639955	41	百鬼夜行	20	香射手
黛庫爾01	Toptraer	84	171352993828762	42	百鬼夜行	20	香射手
黛庫爾01	阿金的波拉日記	84	168150741635298	43	百鬼夜行	20	咒文刻印使
黛庫爾01	緇衣	84	162478673150328	44	喵之部屋	20	太陽監視者
黛庫爾01	akumakyo	84	161510694965139	45		20	香射手
黛庫爾01	澀澀貓	84	160193349167659	46	喵之部屋	20	執行官
黛庫爾01	新莊彭于晏喵	83	158086068937737	47	喵之部屋	20	執行官
黛庫爾01	陳再天	83	158061647869453	48	百鬼夜行	21	咒文刻印使
黛庫爾01	乂李雅英乂	83	156424113891931	49	百鬼夜行	20	香射手
黛庫爾01	Wednesday	83	152227325008126	50	百鬼夜行	21	執行官
黛庫爾01	曉月	83	151831295686843	51	百鬼夜行	20	深淵放逐者
黛庫爾01	夢中仍相思	83	151739933535893	52	清風上南枝	19	執行官
黛庫爾01	Yoman	83	146492794376157	53	百鬼夜行	21	咒文刻印使
黛庫爾01	窩窩爸	83	142548551065963	54	喵之部屋	21	香射手
黛庫爾01	院長	83	139299522012582	55	喵之部屋	20	咒文刻印使
黛庫爾01	幽炙貓	83	134104294331569	56	喵之部屋	19	太陽監視者
黛庫爾01	淵天	83	134027178620985	57	百鬼夜行	21	咒文刻印使
黛庫爾01	鯊騎馬	83	129642958016746	58	百鬼夜行	21	香射手
黛庫爾01	輕輕鬆鬆	83	126072156260651	59	百鬼夜行	20	咒文刻印使
黛庫爾01	咖啡喵	83	121920118264471	60	喵之部屋	20	咒文刻印使
黛庫爾01	OBEY	83	117636183627917	61	百鬼夜行	19	幻影劍士
黛庫爾01	烏龍奶綠	83	116882937619430	62	百鬼夜行	19	執行官
黛庫爾01	影山	83	116107710590322	63		18	太陽監視者
黛庫爾01	赤木晴子	83	113566604226873	64	綿羊正宗	19	咒文刻印使
黛庫爾01	淡然	83	110711526694365	65	喵之部屋	19	香射手
黛庫爾01	維斯塔潘	83	106121093590580	66	百鬼夜行	18	太陽監視者
黛庫爾01	匿名的守護者	83	103559195392151	67	綿羊正宗	19	執行官
黛庫爾01	沐雨橙風	83	102010596582871	68		19	執行官
黛庫爾01	赫拉	82	99802367959762	69	幽人逆旅	17	太陽監視者
黛庫爾01	山竹	82	99522473743567	70	百鬼夜行	19	執行官
黛庫爾01	幽弓靈猴	82	96808982681935	71	幽人逆旅	18	太陽監視者
黛庫爾01	紅髮傑克	82	93973982374158	72	幽人逆旅	19	咒文刻印使
黛庫爾01	喵仙人	82	90846187313580	73	喵之部屋	19	太陽監視者
黛庫爾01	齋藤飛鳥	82	88427862107044	74	百鬼夜行	19	太陽監視者
黛庫爾01	新葉喵	82	83568901139235	75	喵之部屋	20	執行官
黛庫爾01	玖伍貳柒	82	83506429506535	76	綿羊正宗	19	太陽監視者
黛庫爾01	瓦煲煲	82	83286452371822	77	幽人逆旅	18	咒文刻印使
黛庫爾01	藍貓貓	82	81931906240201	78	喵之部屋	19	咒文刻印使
黛庫爾01	豪爺吹山風	82	78390925271715	79	幽人逆旅	18	香射手
黛庫爾01	冰黑ice	82	78220350236341	80	百鬼夜行	19	太陽監視者
黛庫爾01	宮城	82	74984227947753	81	綿羊正宗	17	執行官
黛庫爾01	肉醬	82	74819634380999	82		18	香射手
黛庫爾01	開張六給他	82	73026836907811	83	百鬼夜行	19	香射手
黛庫爾01	科莫多龍	82	72332474560133	84	百鬼夜行	19	太陽監視者
黛庫爾01	ZhouSa	82	72151729533696	85	百鬼夜行	18	香射手
黛庫爾01	暗幽	82	72045619070290	86	幽人逆旅	19	深淵放逐者
黛庫爾01	aka小丑喵	82	70967251777632	87	喵之部屋	19	香射手
黛庫爾01	摸頭鯊	82	70928387588535	88	百鬼夜行	19	幻影劍士
黛庫爾01	清風上南枝	82	70585189640056	89	清風上南枝	18	執行官
黛庫爾01	蝦仁不眨眼	82	70504463243295	90	喵之部屋	18	幻影劍士
黛庫爾01	瓦代表	82	68497597029589	91	百鬼夜行	19	執行官
黛庫爾01	ROCK貓	82	68442663150405	92	喵之部屋	17	咒文刻印使
黛庫爾01	法號修後西安餒	82	68031633860908	93	百鬼夜行	18	幻影劍士
黛庫爾01	nein小舞	82	66977993038271	94	瓦氏	17	太陽監視者
黛庫爾01	四萬	81	64892235235949	95	喵之部屋	17	太陽監視者
黛庫爾01	月隱月明月朦朧	81	60847087817127	96	幽人逆旅	17	幻影劍士
黛庫爾01	黑夜怨靈	81	58446036587804	97		16	咒文刻印使
黛庫爾01	陳小刀	81	57632577913189	98	百鬼夜行	19	幻影劍士
黛庫爾01	花心青紅燈	81	57559909225729	99	幽人逆旅	17	幻影劍士
黛庫爾01	李魚門	81	57408838920034	100		19	太陽監視者
斯拉普耶01	WRTQT	85	383199535549321	1	夜貓族	23	深淵放逐者
斯拉普耶01	亞圖姆	85	328336436663681	2	夜貓族	21	咒文刻印使
斯拉普耶01	春不暖	81	65020058876664	3	夜貓族	18	咒文刻印使
斯拉普耶01	青鳥會飛出來	81	59220136498248	4	夜貓族	17	咒文刻印使
斯拉普耶01	丷沙沙	81	58855593656995	5	夜貓族	17	太陽監視者
斯拉普耶01	春不寒	81	55889452885740	6	夜貓族	18	咒文刻印使
斯拉普耶01	至少我們還有音樂	80	30759613488815	7	夜貓族	17	執行官
斯拉普耶01	程肖宇o	80	30486521753953	8	夜貓族	14	幻影劍士
斯拉普耶01	軍閥	80	29807212611318	9	和平飯店	17	執行官
斯拉普耶01	愛玉碧	80	28649270807819	10	夜貓族	18	太陽監視者
斯拉普耶01	星玥	79	26519926893935	11	夜貓族	17	咒文刻印使
斯拉普耶01	申尚酉虔	79	23937870825523	12		16	香射手
斯拉普耶01	莧瑾	79	22417452927023	13	夜貓族	18	太陽監視者
斯拉普耶01	Lu	79	20736182487412	14	玩玩而已	15	咒文刻印使
斯拉普耶01	輕靈月影	79	18865831945788	15	夜貓族	17	咒文刻印使
斯拉普耶01	城北的花	78	17649134512474	16		15	幻影劍士
斯拉普耶01	桐仁	78	17318200802360	17	夜貓族	16	幻影劍士
斯拉普耶01	查理	78	16556931279731	18	夜貓族	15	執行官
斯拉普耶01	丷若若	78	15996057216594	19	夜貓族	16	咒文刻印使
斯拉普耶01	肉蛋飛車biubiu	78	15804879183586	20	夜貓族	14	執行官
斯拉普耶01	艾丫丫	78	14554212915704	21	艾婭婭	15	咒文刻印使
斯拉普耶01	加洛西亞	78	14170527368251	22	艾婭婭	15	太陽監視者
斯拉普耶01	Nigripes	77	11090574174053	23		14	深淵放逐者
斯拉普耶01	幽夢	77	8363927544744	24	一朵小紅花	15	咒文刻印使
斯拉普耶01	我心本無累	76	7687990628231	25	和平飯店	15	幻影劍士
斯拉普耶01	sck	76	7481375680732	26		15	咒文刻印使
斯拉普耶01	冰河	76	6679728635982	27	夜貓族	15	咒文刻印使
斯拉普耶01	歐蕾	76	5922846109234	28		15	幻影劍士
斯拉普耶01	歐克斯	76	5898594482754	29	艾婭婭	13	咒文刻印使
斯拉普耶01	歐到出血	76	5818816290198	30		14	太陽監視者
斯拉普耶01	九日	75	5661024404733	31	夜貓族	15	香射手
斯拉普耶01	憬風雨	75	5358903168793	32	風飛	12	香射手
斯拉普耶01	彼岸花	75	5264031026934	33	夜貓族	15	咒文刻印使
斯拉普耶01	羽落	75	5099629769341	34	風飛	12	香射手
斯拉普耶01	葉落	75	5082468769950	35	風飛	12	香射手
斯拉普耶01	風香禮	75	5041004954866	36	風飛	12	香射手
斯拉普耶01	微彧	75	4997758834903	37	風飛	12	香射手
斯拉普耶01	莫輕言	75	4995396034315	38	夜貓族	15	咒文刻印使
斯拉普耶01	步步驚喜	75	4983787050959	39	風飛	12	香射手
斯拉普耶01	飛錵摘葉	75	4899167050072	40	風飛	12	香射手
斯拉普耶01	眼睛大大像銅鈴	75	4885619748170	41	夜貓族	15	咒文刻印使
斯拉普耶01	驚風	75	4860099397995	42	風飛	12	香射手
斯拉普耶01	天丄	75	4830677293613	43	風飛	12	香射手
斯拉普耶01	上山打老虎	75	4812770118100	44	嘩啦啦	13	幻影劍士
斯拉普耶01	棄傷	75	4644323972034	45	風飛	12	香射手
斯拉普耶01	電療大師	74	4206658347737	46	風飛	11	太陽監視者
斯拉普耶01	雲淡	74	4138835704460	47	風飛	11	太陽監視者
斯拉普耶01	Alma	74	4133997829893	48	社畜玩家	13	深淵放逐者
斯拉普耶01	曉生	74	4027901308400	49	風飛	11	太陽監視者
斯拉普耶01	五雷正法	74	4003707193649	50	風飛	11	太陽監視者
斯拉普耶01	五行八卦	74	3985528414513	51	風飛	11	太陽監視者
斯拉普耶01	風后奇門	74	3925995572668	52	風飛	11	太陽監視者
斯拉普耶01	阿許	74	3845199955622	53	風飛	11	太陽監視者
斯拉普耶01	花晴	74	3410864748768	54	幸運星	14	咒文刻印使
斯拉普耶01	庵寇鷲臥	74	3376165437013	55	夜貓族	13	咒文刻印使
斯拉普耶01	不是這樣哦	74	3297676904170	56	夜貓族	15	幻影劍士
斯拉普耶01	何必呢	73	2768914386307	57		15	咒文刻印使
斯拉普耶01	禍斗	73	2716144641378	58	荒蕪	13	咒文刻印使
斯拉普耶01	非洲土豆	73	2561884794978	59		12	太陽監視者
斯拉普耶01	涼拌土豆絲	73	2558385223039	60	夜貓族	12	香射手
斯拉普耶01	奶酥貓	72	2266614390347	61	一朵小紅花	12	咒文刻印使
斯拉普耶01	小謙謙	72	2054536638104	62		12	太陽監視者
斯拉普耶01	沐沐春	72	1809758946776	63		13	咒文刻印使
斯拉普耶01	風輕	72	1726215106720	64		11	太陽監視者
斯拉普耶01	風清	72	1706389467969	65		11	太陽監視者
斯拉普耶01	煙霧	72	1661378344402	66		11	太陽監視者
斯拉普耶01	草莓	72	1647590464106	67	風飛	10	深淵放逐者
斯拉普耶01	西瓜	72	1608701078139	68	風飛	10	深淵放逐者
斯拉普耶01	學習避讖之我要發財	72	1568430584427	69		12	幻影劍士
斯拉普耶01	芒果	72	1554542677829	70	風飛	10	深淵放逐者
斯拉普耶01	香蕉	72	1552684973576	71	風飛	10	深淵放逐者
斯拉普耶01	滿滿跟著跑	72	1546585018039	72	圖圖	12	太陽監視者
斯拉普耶01	牛油果	72	1536857416925	73	風飛	10	深淵放逐者
斯拉普耶01	夢幻小魚	72	1524057958741	74	風飛	10	深淵放逐者
斯拉普耶01	小李子	72	1492261100853	75	風飛	10	深淵放逐者
斯拉普耶01	火龍果	72	1487642687927	76	風飛	10	深淵放逐者
斯拉普耶01	小番茄	72	1485263399748	77	風飛	10	深淵放逐者
斯拉普耶01	榴蓮	72	1468419801827	78	風飛	10	深淵放逐者
斯拉普耶01	抹茶貓	71	1450246525206	79	一朵小紅花	12	深淵放逐者
斯拉普耶01	十字線	71	1416367380625	80	風飛	10	咒文刻印使
斯拉普耶01	玉斬	71	1393937203613	81	風飛	10	咒文刻印使
斯拉普耶01	鐵桶	71	1375469848641	82	風飛	10	執行官
斯拉普耶01	Elma	71	1283257709029	83	社畜玩家	11	太陽監視者
斯拉普耶01	博派天火	71	1283248257069	84	風飛	10	香射手
斯拉普耶01	張亦	71	1278690755707	85		12	幻影劍士
斯拉普耶01	無聊的吃貨	71	1268323999081	86	血嶺葬總堂	11	太陽監視者
斯拉普耶01	火藥	71	1206477614696	87	風飛	10	香射手
斯拉普耶01	咲戀萱萱	71	1138015525220	88	海角七號	12	幻影劍士
斯拉普耶01	FiFi	71	1123055942832	89	玩玩而已	9	咒文刻印使
斯拉普耶01	丷果凍	71	1082278427008	90		11	香射手
斯拉普耶01	GUGA	71	1050691060629	91	風飛	10	香射手
斯拉普耶01	左右	71	1030407417619	92	玩玩而已	12	太陽監視者
斯拉普耶01	KFC	71	1022765633642	93	風飛	10	香射手
斯拉普耶01	茶顏悅色	71	991656946776	94	風飛	10	香射手
斯拉普耶01	高達	71	991560219504	95	風飛	10	香射手
斯拉普耶01	BAGA	71	961275868989	96	風飛	10	香射手
斯拉普耶01	花地	71	929082909207	97	圖圖	11	深淵放逐者
斯拉普耶01	弓箭	70	748769045247	98	夜貓族	11	香射手
斯拉普耶01	台南蕾婭繃芽	70	656485503429	99		10	太陽監視者
斯拉普耶01	順風而行	70	619433286308	100	順風行	8	執行官
賽爾齊歐01	魔蔡文姬	81	46648044522777	1		17	深淵放逐者
賽爾齊歐01	你行NISSAN	77	8948809190336	2	輕靈月影宗	14	咒文刻印使
賽爾齊歐01	祝融	76	7290338325220	3		15	太陽監視者
賽爾齊歐01	卡布	76	7272953553820	4	輕靈月影宗	15	太陽監視者
賽爾齊歐01	小萌新	76	7194419096098	5	輕靈月影宗	15	深淵放逐者
賽爾齊歐01	流星蝴蝶劍	76	7118272611064	6	輕靈月影宗	15	深淵放逐者
賽爾齊歐01	蔡蔡	74	4105227475873	7		14	深淵放逐者
賽爾齊歐01	希崎潔西卡	73	2357622062454	8	輕靈月影宗	10	深淵放逐者
賽爾齊歐01	踏花遊湖	72	2094431491889	9	斬神	13	深淵放逐者
賽爾齊歐01	歪歪DS	72	1995114972115	10	輕靈月影宗	13	咒文刻印使
賽爾齊歐01	娜芙蒂蒂	72	1721420113389	11	輕靈月影宗	12	深淵放逐者
賽爾齊歐01	LucKy柒	72	1697652850320	12		14	深淵放逐者
賽爾齊歐01	呂玲綺	71	1299382773851	13		11	咒文刻印使
賽爾齊歐01	菈菈蒂娜	71	1098192347454	14	輕靈月影宗	10	深淵放逐者
賽爾齊歐01	Kennelly	71	1046870519934	15	K2K2	11	深淵放逐者
賽爾齊歐01	Menky	71	986920204652	16	K2K2	11	深淵放逐者
賽爾齊歐01	喵來運轉	71	984185253180	17	輕靈月影宗	10	深淵放逐者
賽爾齊歐01	鬆弛熊	71	981851257734	18		13	深淵放逐者
賽爾齊歐01	Bainiss	71	922484302766	19	K2K2	11	深淵放逐者
賽爾齊歐01	金閃閃	71	916139920336	20		11	香射手
賽爾齊歐01	Tongni	71	904929797747	21	K2K2	11	深淵放逐者
賽爾齊歐01	MOKOKO	70	889428202397	22	MOKOKO	11	深淵放逐者
賽爾齊歐01	鮭魚握壽司	70	791925325748	23		11	幻影劍士
賽爾齊歐01	Radical	70	655390446533	24		10	深淵放逐者
賽爾齊歐01	放逐者	69	505442743428	25		11	深淵放逐者
賽爾齊歐01	趙雲	69	486261889806	26		11	咒文刻印使
賽爾齊歐01	SONG	69	456390623059	27	過去的騎士團	6	幻影劍士
賽爾齊歐01	德魯伊	69	429402247612	28	喵喵	9	深淵放逐者
賽爾齊歐01	黑鼻金吉拉	69	421007415261	29	紅火	11	深淵放逐者
賽爾齊歐01	菈米	69	420169217679	30	輕靈月影宗	9	咒文刻印使
賽爾齊歐01	夏繁	69	411203398791	31	齊歐	11	執行官
賽爾齊歐01	我是坦克	69	406304754880	32	喵喵	9	深淵放逐者
賽爾齊歐01	嵐嵐	69	397648780518	33	輕靈月影宗	10	咒文刻印使
賽爾齊歐01	雙糕潤	69	393951054376	34		11	深淵放逐者
賽爾齊歐01	泡泡龍	68	332527279045	35	飄渺聖地	10	深淵放逐者
賽爾齊歐01	烈陽高照	68	319415807948	36		10	太陽監視者
賽爾齊歐01	啵啵CC	68	308053829821	37		11	執行官
賽爾齊歐01	小熊軟糖	68	297698425112	38		10	深淵放逐者
賽爾齊歐01	我想談戀愛	68	288021026280	39		11	深淵放逐者
賽爾齊歐01	人肉吸取機	67	248827762034	40		10	深淵放逐者
賽爾齊歐01	廖沙	67	240741742562	41		9	深淵放逐者
賽爾齊歐01	艾福好	67	226491899616	42		10	執行官
賽爾齊歐01	遙控器	67	223524893050	43	輕靈月影宗	10	深淵放逐者
賽爾齊歐01	鹹辣甜蟹	67	219861712411	44		8	深淵放逐者
賽爾齊歐01	有蚊子	67	215998668004	45		11	深淵放逐者
賽爾齊歐01	鮭魚手捲	67	212651804570	46		9	深淵放逐者
賽爾齊歐01	阿達瑪	67	195664165438	47	斬神	8	深淵放逐者
賽爾齊歐01	在下雷陣雨	67	195041616613	48		10	執行官
賽爾齊歐01	金財神	67	193717627800	49	財神廟	10	香射手
賽爾齊歐01	隔壁小王	67	191424526068	50		10	執行官
賽爾齊歐01	MOKA	67	183986531245	51		10	深淵放逐者
賽爾齊歐01	Mallo	66	181274992333	52		10	幻影劍士
賽爾齊歐01	Hao	66	160167298177	53		9	深淵放逐者
賽爾齊歐01	咖啡壺	66	156159555839	54	路飛	1	香射手
賽爾齊歐01	張小孩	66	153189772977	55		10	幻影劍士
賽爾齊歐01	你從桃園新竹	66	153032788240	56		10	幻影劍士
賽爾齊歐01	否認了地方	66	150956198632	57	路飛	1	香射手
賽爾齊歐01	瑪莎與熊	66	148553001157	58		9	深淵放逐者
賽爾齊歐01	菲斯	66	146777322923	59	輕靈月影宗	10	咒文刻印使
賽爾齊歐01	讓粉絲紛紛	66	146581205404	60	路飛	1	香射手
賽爾齊歐01	買了十分	66	146450181205	61	路飛	1	香射手
賽爾齊歐01	記歷史	66	146379330651	62	路飛	1	香射手
賽爾齊歐01	幺爻垚	66	146279661985	63	天團	6	執行官
賽爾齊歐01	撒嬌地方	66	146143623082	64	路飛	1	香射手
賽爾齊歐01	仨個好人	66	143993101988	65	路飛	1	香射手
賽爾齊歐01	讓美麗大方	66	143115714835	66	路飛	1	香射手
賽爾齊歐01	沒拉菲爾	66	142606641772	67	路飛	1	香射手
賽爾齊歐01	的各色兒童	66	142483659387	68	路飛	1	香射手
賽爾齊歐01	美麗富饒	66	142113762326	69	路飛	1	香射手
賽爾齊歐01	恩來對付	66	141522961128	70	路飛	1	香射手
賽爾齊歐01	類似的分	66	141496215469	71	路飛	1	香射手
賽爾齊歐01	福娃啊他	66	141138855233	72	路飛	1	香射手
賽爾齊歐01	二樓書房	66	140881445532	73	路飛	1	香射手
賽爾齊歐01	你倆認識	66	140706318320	74	路飛	1	香射手
賽爾齊歐01	買了我色弱	66	140701465932	75	路飛	1	香射手
賽爾齊歐01	方可如果	66	140370915877	76	路飛	1	香射手
賽爾齊歐01	馬拉松	66	140329393256	77	路飛	1	香射手
賽爾齊歐01	紅色呃	66	140209316874	78	路飛	1	香射手
賽爾齊歐01	那裏颯颯	66	138819176347	79	路飛	1	香射手
賽爾齊歐01	沒深入探討	66	138376438208	80	路飛	1	香射手
賽爾齊歐01	莫里斯發	66	138353976503	81	路飛	1	香射手
賽爾齊歐01	莫拉蒂給	66	138172831366	82	路飛	1	香射手
賽爾齊歐01	你了啊大哥	66	137787602042	83	路飛	1	香射手
賽爾齊歐01	買了阿道夫	66	137491234699	84	路飛	1	香射手
賽爾齊歐01	陸省份	66	137378782453	85	路飛	1	香射手
賽爾齊歐01	戀愛的	66	137074668541	86	路飛	1	香射手
賽爾齊歐01	零三分	66	137063083413	87	路飛	1	香射手
賽爾齊歐01	尼拉爾	66	136912174765	88	路飛	1	香射手
賽爾齊歐01	明天老師	66	136750959869	89	路飛	1	香射手
賽爾齊歐01	命令使用	66	136540856719	90	路飛	1	香射手
賽爾齊歐01	們老大給	66	135648728131	91	路飛	1	香射手
賽爾齊歐01	好啦地府	66	135419939917	92	路飛	1	香射手
賽爾齊歐01	橄欖色人	66	134516597614	93	路飛	1	香射手
賽爾齊歐01	咖啡田野	66	134396081493	94	路飛	1	香射手
賽爾齊歐01	家認同	66	133909061842	95	路飛	1	香射手
賽爾齊歐01	諾赫拉的	66	133497054951	96	路飛	1	香射手
賽爾齊歐01	蒼修	66	133272414412	97	輕靈月影宗	8	深淵放逐者
賽爾齊歐01	給了人員	66	133152152577	98	路飛	1	香射手
賽爾齊歐01	如來説法	66	132762215733	99	路飛	1	香射手
賽爾齊歐01	Sunshine	66	132710422828	100	錦鯉財團	9	深淵放逐者
賽爾齊歐02	喬奶	80	31054284193572	1	神經衰弱治療科	17	執行官
賽爾齊歐02	閃影冰冰	80	30822914189031	2	神經衰弱治療科	17	太陽監視者
賽爾齊歐02	雙魚座	80	28112387767225	3	神經衰弱治療科	17	幻影劍士
賽爾齊歐02	我覺得你不錯	79	27086704005179	4	神經衰弱治療科	17	幻影劍士
賽爾齊歐02	歙縣打工仔	79	23857417185543	5	神經衰弱治療科	17	深淵放逐者
賽爾齊歐02	玥玥	79	21586762277518	6	神經衰弱治療科	17	深淵放逐者
賽爾齊歐02	我命由我不由天	77	11351019759650	7	神經衰弱治療科	15	深淵放逐者
賽爾齊歐02	肯小潔	77	8834121495277	8	老肯	15	執行官
賽爾齊歐02	川投顧	76	6243697995761	9	神經衰弱治療科	15	深淵放逐者
賽爾齊歐02	小萌新射手	76	6145795290170	10	神經衰弱治療科	12	香射手
賽爾齊歐02	死亡之握	76	5881602377215	11	神經衰弱治療科	15	咒文刻印使
賽爾齊歐02	陳米兒	75	5334034812146	12	老肯	14	深淵放逐者
賽爾齊歐02	小弱弱	75	4653046944960	13	神經衰弱治療科	15	咒文刻印使
賽爾齊歐02	光炆	74	3953878463700	14	神經衰弱治療科	13	深淵放逐者
賽爾齊歐02	塞霖涼勒	73	2914895698448	15	神經衰弱治療科	14	幻影劍士
賽爾齊歐02	賽琳勞斯	73	2909830902165	16	神經衰弱治療科	16	香射手
賽爾齊歐02	一把刀	73	2433608221267	17		13	深淵放逐者
賽爾齊歐02	宮美純佳	72	2225608591479	18	神經衰弱治療科	13	太陽監視者
賽爾齊歐02	俏皮小黃熊	72	1459410827237	19		13	深淵放逐者
賽爾齊歐02	燦爛笑容的佩恩z	71	1388304702020	20		13	咒文刻印使
賽爾齊歐02	MINACO	71	1320944511073	21	神經衰弱治療科	14	香射手
賽爾齊歐02	桃莉羊	71	1289464943740	22	夢	13	深淵放逐者
賽爾齊歐02	上山打老虎	71	933127491984	23	夢	13	深淵放逐者
賽爾齊歐02	雷神可可可	70	848440708437	24	老肯	10	深淵放逐者
賽爾齊歐02	暴雨雷電	70	814786544204	25	神經衰弱治療科	13	執行官
賽爾齊歐02	可愛	70	810494574197	26	神經衰弱治療科	13	咒文刻印使
賽爾齊歐02	就是諾亞亞	70	790895222361	27	老肯	11	深淵放逐者
賽爾齊歐02	快把香菜帶走	70	780370804755	28		10	執行官
賽爾齊歐02	waqq	70	752762119725	29	草莓	13	深淵放逐者
賽爾齊歐02	鬧鬧鬧	70	680057783473	30	猛風中舉杯	11	深淵放逐者
賽爾齊歐02	北野武	70	606753846123	31		11	執行官
賽爾齊歐02	蠻小頭	70	604002091631	32	神經衰弱治療科	12	執行官
賽爾齊歐02	打肉肉	69	559381190156	33		11	深淵放逐者
賽爾齊歐02	靛芷嫣	69	543616948036	34	夢	11	深淵放逐者
賽爾齊歐02	瑤瑤	69	535793850824	35	夢	7	深淵放逐者
賽爾齊歐02	樂活人生	69	523272024158	36	夢	10	太陽監視者
賽爾齊歐02	尋夢	69	493535341466	37	夢	9	深淵放逐者
賽爾齊歐02	幻聆月	69	466769011505	38		11	深淵放逐者
賽爾齊歐02	七草NAZUNA	69	418336227190	39		11	咒文刻印使
賽爾齊歐02	落凡塵	69	415215164221	40		10	深淵放逐者
賽爾齊歐02	wuwo	68	377587891637	41	草莓	12	深淵放逐者
賽爾齊歐02	張遼	68	364227928046	42		10	幻影劍士
賽爾齊歐02	lottee	68	359399329871	43	草莓	12	深淵放逐者
賽爾齊歐02	Lalala	68	343555642920	44	夢	10	香射手
賽爾齊歐02	淡然	68	340164667130	45		9	執行官
賽爾齊歐02	老友	68	338280503114	46		8	香射手
賽爾齊歐02	piliz	68	331199049506	47	草莓	9	深淵放逐者
賽爾齊歐02	坦克	68	328923039695	48	夢	7	深淵放逐者
賽爾齊歐02	咪喵喵	68	319912329403	49	夢	7	深淵放逐者
賽爾齊歐02	我是誰	68	293086429892	50	夢	11	深淵放逐者
賽爾齊歐02	music	68	278168354113	51	夢	1	幻影劍士
賽爾齊歐02	口海啊星	67	256939910962	52	老肯	6	太陽監視者
賽爾齊歐02	演帝	67	254737826594	53		10	深淵放逐者
賽爾齊歐02	Meigi	67	232406811481	54	夢	9	咒文刻印使
賽爾齊歐02	花轟轟	67	231057950637	55	老肯	10	深淵放逐者
賽爾齊歐02	akumakyoko	67	216839390358	56	akumakyoko	10	深淵放逐者
賽爾齊歐02	owo	67	214840754113	57	老肯	9	深淵放逐者
賽爾齊歐02	我就路過	67	210144369944	58		9	咒文刻印使
賽爾齊歐02	廖沙兔	67	206582506010	59	夢	7	深淵放逐者
賽爾齊歐02	小燕子	67	203448695871	60		9	咒文刻印使
賽爾齊歐02	段千尋	67	197421266460	61		10	太陽監視者
賽爾齊歐02	賽琳韓吉	67	196355004288	62		10	深淵放逐者
賽爾齊歐02	小豆腐	67	192965016114	63	夢	10	太陽監視者
賽爾齊歐02	娜神	67	190184547811	64	娜神	7	深淵放逐者
賽爾齊歐02	死神	67	186792063527	65	娜神	7	深淵放逐者
賽爾齊歐02	人箭合一	67	184969456487	66		11	香射手
賽爾齊歐02	法神	67	183967752208	67	娜神	7	深淵放逐者
賽爾齊歐02	戰神	66	183007044459	68	娜神	7	深淵放逐者
賽爾齊歐02	娜法	66	182206895493	69	娜神	7	深淵放逐者
賽爾齊歐02	神的恩典	66	181965065118	70		11	香射手
賽爾齊歐02	暴君雷龍	66	174355974972	71		5	深淵放逐者
賽爾齊歐02	科普	66	171497017156	72		11	深淵放逐者
賽爾齊歐02	喜拿	66	163273676463	73	夢	9	執行官
賽爾齊歐02	雅詩	66	162278624907	74		11	咒文刻印使
賽爾齊歐02	羚栩	66	161572338898	75		10	太陽監視者
賽爾齊歐02	幻塵	66	159819846573	76	熵隱	1	咒文刻印使
賽爾齊歐02	破魔	66	157807259296	77	熵隱	1	咒文刻印使
賽爾齊歐02	裁罪	66	157702822557	78	熵隱	1	咒文刻印使
賽爾齊歐02	星痕	66	157003207350	79	熵隱	1	咒文刻印使
賽爾齊歐02	道寂	66	156717298840	80	熵隱	1	咒文刻印使
賽爾齊歐02	焚寂	66	156619876605	81	熵隱	1	咒文刻印使
賽爾齊歐02	逆辰	66	156583476012	82	熵隱	1	咒文刻印使
賽爾齊歐02	青燁	66	156487989419	83	熵隱	1	咒文刻印使
賽爾齊歐02	虛燼	66	156149703907	84	熵隱	1	咒文刻印使
賽爾齊歐02	永劫	66	155920116927	85	熵隱	1	咒文刻印使
賽爾齊歐02	道衍	66	155694475710	86	熵隱	1	咒文刻印使
賽爾齊歐02	雅尼	66	155519935537	87		11	咒文刻印使
賽爾齊歐02	賢瞳	66	155284299205	88	熵隱	1	咒文刻印使
賽爾齊歐02	奧秘	66	154963121619	89	熵隱	1	咒文刻印使
賽爾齊歐02	御霄	66	154442668424	90	熵隱	1	咒文刻印使
賽爾齊歐02	老板我he你	66	154359525550	91	熵隱	1	咒文刻印使
賽爾齊歐02	掃蕩無良工作室	66	154277298864	92		10	深淵放逐者
賽爾齊歐02	御星	66	153515277267	93	熵隱	1	咒文刻印使
賽爾齊歐02	doctor	66	152931052659	94		10	咒文刻印使
賽爾齊歐02	熵衍	66	152762701484	95	熵隱	1	執行官
賽爾齊歐02	墨淵	66	152557340344	96	熵隱	1	咒文刻印使
賽爾齊歐02	賢羽	66	152506707388	97	熵隱	1	咒文刻印使
賽爾齊歐02	驚嵐	66	152471768256	98	熵隱	1	咒文刻印使
賽爾齊歐02	歐利謝	66	152246511935	99		9	深淵放逐者
賽爾齊歐02	驚弦	66	151951099625	100	熵隱	1	咒文刻印使
